{"type":"FeatureCollection","features":[{"type":"Feature","geometry":{"type":"Polygon","coordinates":[[[-119.73647,36.72509],[-119.73647,36.72495],[-119.73647,36.72453],[-119.73647,36.72439],[-119.73646,36.72425],[-119.73646,36.72383],[-119.73646,36.72369],[-119.73601,36.72376],[-119.73559,36.72377],[-119.7355,36.72403],[-119.73538,36.72414],[-119.7353,36.7242],[-119.7352,36.72426],[-119.73507,36.72432],[-119.73488,36.72438],[-119.73476,36.7244],[-119.73455,36.7244],[-119.73421,36.72431],[-119.73394,36.72426],[-119.73388,36.72444],[-119.73376,36.72462],[-119.73362,36.72472],[-119.73349,36.72477],[-119.73335,36.7248],[-119.73308,36.7248],[-119.73269,36.72478],[-119.73254,36.72477],[-119.73248,36.72476],[-119.73243,36.72473],[-119.73242,36.7247],[-119.73242,36.72466],[-119.73244,36.72463],[-119.73247,36.7246],[-119.7325,36.72455],[-119.73251,36.72451],[-119.73253,36.72444],[-119.73254,36.72441],[-119.73256,36.72437],[-119.73261,36.72431],[-119.73263,36.72429],[-119.73267,36.72427],[-119.73271,36.72424],[-119.73274,36.72422],[-119.73279,36.72416],[-119.73277,36.72412],[-119.7327,36.72404],[-119.73254,36.72385],[-119.73245,36.72357],[-119.73199,36.72357],[-119.73183,36.72356],[-119.73159,36.72352],[-119.73138,36.72347],[-119.73117,36.72341],[-119.7309,36.72333],[-119.7309,36.72215],[-119.7309,36.72175],[-119.72982,36.72181],[-119.72861,36.72188],[-119.72744,36.72194],[-119.72744,36.72192],[-119.72745,36.72186],[-119.72745,36.72184],[-119.72655,36.72187],[-119.72645,36.72188],[-119.72415,36.72199],[-119.72383,36.72201],[-119.72293,36.72205],[-119.72265,36.72206],[-119.72184,36.7221],[-119.7217,36.72211],[-119.72157,36.72212],[-119.72095,36.72214],[-119.72066,36.72216],[-119.71911,36.72224],[-119.7185,36.72227],[-119.7185,36.72219],[-119.71851,36.72214],[-119.71851,36.72211],[-119.71851,36.72152],[-119.71851,36.72011],[-119.71851,36.71943],[-119.71851,36.71926],[-119.71851,36.71863],[-119.71853,36.7185],[-119.71853,36.71661],[-119.71849,36.71545],[-119.71846,36.71546],[-119.71838,36.7155],[-119.71815,36.71572],[-119.71792,36.7159],[-119.71775,36.71604],[-119.71771,36.7161],[-119.7174,36.71635],[-119.71732,36.7164],[-119.71726,36.71642],[-119.71722,36.71644],[-119.7168,36.71655],[-119.71673,36.71659],[-119.7166,36.71668],[-119.71652,36.71669],[-119.71638,36.71679],[-119.71626,36.71688],[-119.71618,36.71694],[-119.71606,36.71699],[-119.71603,36.71701],[-119.716,36.71701],[-119.71597,36.71703],[-119.71591,36.71707],[-119.71531,36.71737],[-119.71511,36.71746],[-119.71484,36.71745],[-119.71481,36.71743],[-119.71469,36.71738],[-119.71465,36.71737],[-119.71448,36.71728],[-119.71433,36.71727],[-119.71407,36.71723],[-119.71384,36.71725],[-119.71381,36.71725],[-119.71318,36.71744],[-119.71305,36.7175],[-119.71299,36.71751],[-119.71296,36.71753],[-119.71287,36.71755],[-119.71278,36.7176],[-119.71275,36.7176],[-119.71255,36.71767],[-119.7123,36.71769],[-119.71219,36.71766],[-119.71212,36.71765],[-119.71195,36.7176],[-119.71183,36.71757],[-119.71179,36.71755],[-119.71175,36.71754],[-119.71146,36.71744],[-119.71135,36.7174],[-119.71129,36.71737],[-119.71117,36.71731],[-119.7111,36.71729],[-119.71093,36.71723],[-119.71077,36.71714],[-119.71074,36.71714],[-119.71069,36.71711],[-119.71064,36.7171],[-119.71061,36.71708],[-119.71055,36.71706],[-119.71042,36.71699],[-119.71038,36.71699],[-119.71029,36.71694],[-119.71023,36.71693],[-119.71015,36.71688],[-119.7101,36.71687],[-119.71002,36.71682],[-119.70996,36.71681],[-119.70985,36.71676],[-119.70981,36.71675],[-119.70973,36.7167],[-119.70967,36.71669],[-119.70961,36.71666],[-119.70949,36.71663],[-119.70943,36.71659],[-119.70932,36.71657],[-119.70929,36.71655],[-119.70928,36.71613],[-119.70928,36.71581],[-119.70927,36.71545],[-119.70926,36.71488],[-119.7092,36.71488],[-119.70863,36.71485],[-119.70806,36.71482],[-119.70752,36.71479],[-119.70733,36.71479],[-119.70663,36.7148],[-119.70619,36.71482],[-119.70507,36.71481],[-119.70508,36.71445],[-119.7062,36.71446],[-119.70778,36.71448],[-119.70796,36.71435],[-119.7081,36.71424],[-119.70827,36.71411],[-119.70833,36.71405],[-119.70842,36.71396],[-119.70848,36.7139],[-119.70863,36.7137],[-119.70869,36.71362],[-119.70873,36.71358],[-119.70873,36.71356],[-119.70877,36.71352],[-119.70877,36.7135],[-119.70882,36.71343],[-119.70885,36.71336],[-119.70889,36.71332],[-119.70891,36.71325],[-119.70895,36.71322],[-119.70899,36.71313],[-119.70901,36.71307],[-119.70906,36.71303],[-119.70911,36.71294],[-119.70915,36.71289],[-119.70916,36.71287],[-119.70919,36.7128],[-119.70922,36.71277],[-119.70927,36.71264],[-119.70928,36.71262],[-119.70929,36.71261],[-119.70934,36.71257],[-119.70946,36.71245],[-119.7095,36.71239],[-119.70957,36.71233],[-119.7096,36.71229],[-119.70973,36.71218],[-119.70993,36.71201],[-119.71,36.71195],[-119.71003,36.71195],[-119.71011,36.71191],[-119.71014,36.7119],[-119.71022,36.71185],[-119.71026,36.71184],[-119.71033,36.71182],[-119.71037,36.71179],[-119.71073,36.71169],[-119.71081,36.71166],[-119.71088,36.71164],[-119.71095,36.7116],[-119.71113,36.71148],[-119.71135,36.71129],[-119.71136,36.71127],[-119.71137,36.71126],[-119.71145,36.71116],[-119.71149,36.71112],[-119.71149,36.71109],[-119.71155,36.71102],[-119.71156,36.71098],[-119.71157,36.71096],[-119.7116,36.71087],[-119.71164,36.71074],[-119.71167,36.71066],[-119.71167,36.71061],[-119.7117,36.71053],[-119.71173,36.71023],[-119.71179,36.70963],[-119.71178,36.70913],[-119.71176,36.7089],[-119.71176,36.70883],[-119.71175,36.70825],[-119.71174,36.70761],[-119.71173,36.70758],[-119.71133,36.70758],[-119.71012,36.70756],[-119.70972,36.70756],[-119.7096,36.70756],[-119.7093,36.70755],[-119.70925,36.70755],[-119.70914,36.70755],[-119.70886,36.70755],[-119.70814,36.70754],[-119.70689,36.70753],[-119.7068,36.70968],[-119.70569,36.70968],[-119.703,36.70965],[-119.70297,36.7075],[-119.7008,36.70748],[-119.69995,36.70748],[-119.69907,36.70748],[-119.698,36.70748],[-119.69801,36.70803],[-119.69591,36.70802],[-119.69554,36.708],[-119.69554,36.70826],[-119.69554,36.70846],[-119.69533,36.70846],[-119.69469,36.70847],[-119.69447,36.70847],[-119.69329,36.70847],[-119.6933,36.70745],[-119.69318,36.70745],[-119.69306,36.70745],[-119.69146,36.70745],[-119.69092,36.70745],[-119.69068,36.70746],[-119.68914,36.70745],[-119.6838,36.70744],[-119.68214,36.70743],[-119.68202,36.70742],[-119.68022,36.70743],[-119.67482,36.70745],[-119.67302,36.70746],[-119.67122,36.70746],[-119.66582,36.70747],[-119.66556,36.70747],[-119.66429,36.7075],[-119.66402,36.70749],[-119.66403,36.70897],[-119.66405,36.7134],[-119.66406,36.71479],[-119.66406,36.71488],[-119.66224,36.71487],[-119.6568,36.71483],[-119.65499,36.71482],[-119.655,36.71502],[-119.65501,36.71628],[-119.65501,36.71691],[-119.65499,36.71804],[-119.65499,36.71906],[-119.65499,36.72064],[-119.655,36.72206],[-119.655,36.72209],[-119.655,36.72269],[-119.65501,36.72448],[-119.65501,36.72508],[-119.65501,36.72519],[-119.65522,36.7252],[-119.65567,36.72524],[-119.65593,36.72526],[-119.65623,36.72533],[-119.65657,36.72546],[-119.65691,36.72561],[-119.65711,36.7257],[-119.65716,36.72577],[-119.65719,36.72584],[-119.65723,36.72608],[-119.65727,36.72628],[-119.65734,36.72649],[-119.65741,36.72668],[-119.65755,36.72692],[-119.65764,36.72705],[-119.65795,36.72753],[-119.65812,36.72775],[-119.65834,36.72797],[-119.6585,36.72805],[-119.65869,36.7281],[-119.65881,36.72811],[-119.65976,36.72794],[-119.65989,36.72857],[-119.66014,36.72882],[-119.66056,36.72919],[-119.66102,36.72954],[-119.66143,36.72955],[-119.66342,36.72957],[-119.66409,36.72957],[-119.66417,36.72958],[-119.66415,36.72989],[-119.66409,36.73082],[-119.66407,36.73113],[-119.66407,36.73131],[-119.66407,36.73184],[-119.66407,36.73202],[-119.66406,36.73214],[-119.66406,36.73234],[-119.66406,36.73252],[-119.66406,36.73264],[-119.66406,36.7328],[-119.66405,36.73326],[-119.66405,36.73338],[-119.66405,36.73341],[-119.66406,36.73376],[-119.66406,36.73479],[-119.66406,36.73513],[-119.66406,36.73549],[-119.66407,36.73655],[-119.66407,36.73679],[-119.66406,36.7369],[-119.66406,36.73701],[-119.66406,36.73785],[-119.66405,36.73854],[-119.66404,36.73945],[-119.66404,36.73975],[-119.66403,36.74056],[-119.66403,36.7407],[-119.66402,36.74165],[-119.66402,36.74173],[-119.66402,36.742],[-119.66402,36.74209],[-119.66401,36.7424],[-119.664,36.74332],[-119.664,36.74363],[-119.664,36.74376],[-119.664,36.7439],[-119.664,36.74472],[-119.664,36.74499],[-119.664,36.74507],[-119.664,36.74525],[-119.664,36.7453],[-119.664,36.74537],[-119.664,36.74559],[-119.664,36.7457],[-119.664,36.74624],[-119.664,36.74645],[-119.664,36.74656],[-119.664,36.74687],[-119.664,36.74698],[-119.66399,36.74732],[-119.66397,36.74834],[-119.66396,36.74861],[-119.66396,36.74868],[-119.66396,36.749],[-119.66395,36.74997],[-119.66395,36.75015],[-119.66394,36.75029],[-119.66394,36.75045],[-119.66394,36.75084],[-119.66394,36.75101],[-119.66395,36.75315],[-119.66395,36.75387],[-119.66396,36.75459],[-119.66398,36.75675],[-119.66398,36.75747],[-119.66399,36.75821],[-119.66401,36.76042],[-119.66401,36.76086],[-119.66402,36.76116],[-119.66402,36.76135],[-119.66402,36.76185],[-119.66403,36.76332],[-119.66403,36.7639],[-119.66403,36.76458],[-119.66403,36.76464],[-119.66403,36.76481],[-119.66403,36.76486],[-119.66403,36.76532],[-119.66404,36.76668],[-119.66405,36.76703],[-119.66405,36.76714],[-119.66405,36.76719],[-119.66405,36.76725],[-119.66405,36.76739],[-119.66405,36.76816],[-119.66406,36.76841],[-119.66405,36.76857],[-119.66405,36.76864],[-119.66404,36.76934],[-119.66404,36.76958],[-119.66404,36.77009],[-119.66404,36.77162],[-119.66404,36.77214],[-119.66404,36.77246],[-119.66405,36.77344],[-119.66405,36.77376],[-119.66405,36.77401],[-119.66406,36.77409],[-119.66406,36.77465],[-119.66406,36.77509],[-119.66407,36.77542],[-119.66407,36.77605],[-119.66407,36.77622],[-119.66406,36.77862],[-119.66405,36.77927],[-119.66405,36.77942],[-119.66404,36.77955],[-119.66405,36.78086],[-119.66406,36.78518],[-119.66406,36.78663],[-119.66406,36.78683],[-119.66406,36.78743],[-119.66406,36.78763],[-119.66406,36.78797],[-119.66405,36.78899],[-119.66405,36.78934],[-119.66412,36.78938],[-119.66454,36.78958],[-119.66484,36.78973],[-119.66489,36.78975],[-119.66498,36.78979],[-119.665,36.7898],[-119.66503,36.78981],[-119.66511,36.78985],[-119.66576,36.79016],[-119.66744,36.79092],[-119.66766,36.79102],[-119.66783,36.79111],[-119.66786,36.79111],[-119.66793,36.79115],[-119.66826,36.7913],[-119.66829,36.79131],[-119.66833,36.79133],[-119.66836,36.79133],[-119.66842,36.79137],[-119.66858,36.79144],[-119.66865,36.79147],[-119.66885,36.79157],[-119.66914,36.79171],[-119.66936,36.79181],[-119.66938,36.79181],[-119.66942,36.79184],[-119.66947,36.79186],[-119.66953,36.79189],[-119.66961,36.79191],[-119.66968,36.79195],[-119.66976,36.79197],[-119.66979,36.79198],[-119.67002,36.79205],[-119.67008,36.79208],[-119.67034,36.79211],[-119.67061,36.79214],[-119.67099,36.79217],[-119.67215,36.79223],[-119.67306,36.79228],[-119.67368,36.79231],[-119.67459,36.79235],[-119.67601,36.79241],[-119.67928,36.79251],[-119.68101,36.79255],[-119.682,36.79256],[-119.68213,36.79255],[-119.68214,36.79207],[-119.68214,36.792],[-119.68214,36.79199],[-119.68215,36.79127],[-119.68214,36.79065],[-119.68213,36.7905],[-119.68214,36.78978],[-119.68214,36.78971],[-119.68214,36.78951],[-119.68215,36.78945],[-119.68234,36.78944],[-119.68294,36.78943],[-119.68534,36.78938],[-119.68613,36.78937],[-119.68974,36.78944],[-119.69109,36.78943],[-119.69114,36.78376],[-119.69115,36.78308],[-119.69231,36.78305],[-119.69354,36.78305],[-119.69723,36.78305],[-119.69846,36.78305],[-119.69877,36.78305],[-119.69971,36.78303],[-119.70002,36.78303],[-119.70025,36.78302],[-119.70028,36.7842],[-119.7003,36.7851],[-119.7003,36.7852],[-119.7003,36.7854],[-119.7003,36.78544],[-119.7003,36.78558],[-119.7003,36.78563],[-119.7003,36.78592],[-119.7003,36.78608],[-119.70031,36.78671],[-119.70031,36.7868],[-119.7003,36.7871],[-119.7003,36.7879],[-119.70029,36.78952],[-119.70029,36.79032],[-119.70029,36.79113],[-119.70029,36.79147],[-119.70029,36.7925],[-119.7003,36.79284],[-119.7003,36.79291],[-119.7003,36.79308],[-119.6999,36.79308],[-119.6999,36.79285],[-119.69994,36.79059],[-119.69963,36.79058],[-119.69937,36.79059],[-119.69921,36.7906],[-119.69871,36.7906],[-119.69863,36.7906],[-119.69855,36.79061],[-119.69836,36.79031],[-119.69739,36.7903],[-119.69419,36.79033],[-119.69154,36.79035],[-119.69113,36.79036],[-119.6911,36.79251],[-119.69107,36.79396],[-119.69107,36.79407],[-119.69108,36.79553],[-119.69108,36.79589],[-119.69108,36.79639],[-119.69108,36.79656],[-119.69108,36.79701],[-119.69107,36.80046],[-119.69107,36.80123],[-119.69131,36.80123],[-119.69149,36.80124],[-119.69157,36.80124],[-119.69182,36.80124],[-119.6919,36.80124],[-119.69253,36.80124],[-119.69443,36.80124],[-119.69506,36.80125],[-119.69519,36.80124],[-119.69557,36.80124],[-119.69556,36.79713],[-119.69556,36.79695],[-119.69566,36.79694],[-119.69578,36.79684],[-119.69595,36.79667],[-119.69598,36.79664],[-119.69602,36.7966],[-119.69612,36.79652],[-119.69624,36.79643],[-119.69651,36.79627],[-119.69677,36.79613],[-119.69683,36.79612],[-119.69693,36.79606],[-119.69699,36.79605],[-119.69706,36.79601],[-119.6971,36.79601],[-119.69714,36.79598],[-119.6972,36.79597],[-119.69726,36.79593],[-119.69728,36.79593],[-119.69734,36.7959],[-119.6974,36.79588],[-119.69745,36.79586],[-119.69751,36.79584],[-119.69754,36.79582],[-119.69758,36.79582],[-119.69761,36.7958],[-119.6977,36.79577],[-119.69774,36.79575],[-119.69778,36.79575],[-119.69782,36.79573],[-119.69786,36.79572],[-119.6979,36.7957],[-119.69793,36.79569],[-119.69798,36.79567],[-119.69801,36.79566],[-119.69805,36.79564],[-119.69809,36.79564],[-119.69813,36.79562],[-119.69817,36.7956],[-119.69873,36.79541],[-119.69876,36.79539],[-119.69882,36.79537],[-119.69888,36.79534],[-119.6989,36.79534],[-119.69892,36.79533],[-119.69895,36.79532],[-119.69897,36.7953],[-119.69906,36.79528],[-119.69914,36.79525],[-119.69926,36.79521],[-119.69929,36.79519],[-119.69938,36.79517],[-119.6994,36.79515],[-119.69949,36.79513],[-119.69951,36.7951],[-119.69957,36.79509],[-119.69964,36.79505],[-119.69973,36.79503],[-119.69979,36.79499],[-119.69985,36.79497],[-119.69989,36.79495],[-119.6999,36.79495],[-119.69989,36.79333],[-119.7003,36.79335],[-119.70029,36.79364],[-119.70029,36.79393],[-119.7003,36.79407],[-119.7003,36.79451],[-119.70029,36.79481],[-119.70029,36.79508],[-119.70028,36.79589],[-119.70028,36.79617],[-119.70029,36.79969],[-119.70028,36.80003],[-119.70028,36.80028],[-119.70028,36.80101],[-119.70028,36.80125],[-119.70065,36.80125],[-119.70175,36.80126],[-119.70212,36.80127],[-119.70308,36.80124],[-119.70312,36.80125],[-119.7032,36.80126],[-119.70335,36.80127],[-119.70353,36.80125],[-119.70365,36.80125],[-119.7038,36.80125],[-119.70427,36.80125],[-119.70442,36.80125],[-119.70458,36.80125],[-119.70505,36.80125],[-119.70521,36.80125],[-119.706,36.80125],[-119.70837,36.80124],[-119.70916,36.80124],[-119.70916,36.80108],[-119.70915,36.8006],[-119.70915,36.80044],[-119.70915,36.80027],[-119.70915,36.79978],[-119.70915,36.79962],[-119.70915,36.79945],[-119.70915,36.79896],[-119.70915,36.79879],[-119.70915,36.79863],[-119.70915,36.79813],[-119.70915,36.79796],[-119.70915,36.7978],[-119.70914,36.7973],[-119.70914,36.79714],[-119.70914,36.79698],[-119.70913,36.79649],[-119.70912,36.79633],[-119.70912,36.79616],[-119.70912,36.79566],[-119.70912,36.7955],[-119.70912,36.7954],[-119.70913,36.7951],[-119.70913,36.79499],[-119.70913,36.79488],[-119.70913,36.79455],[-119.70913,36.79444],[-119.70913,36.79427],[-119.70913,36.79407],[-119.70915,36.79387],[-119.70913,36.79377],[-119.70912,36.7936],[-119.70912,36.79343],[-119.70912,36.79294],[-119.70912,36.79291],[-119.70911,36.79277],[-119.70911,36.79261],[-119.7091,36.79213],[-119.7091,36.79202],[-119.70911,36.79197],[-119.70911,36.7918],[-119.7091,36.79132],[-119.7091,36.7913],[-119.70911,36.79116],[-119.70911,36.791],[-119.70911,36.79051],[-119.70911,36.79035],[-119.70912,36.79019],[-119.70913,36.7897],[-119.70911,36.78954],[-119.70911,36.78937],[-119.70911,36.78887],[-119.70912,36.7888],[-119.70912,36.78871],[-119.70913,36.78855],[-119.70915,36.78808],[-119.70915,36.78799],[-119.70915,36.78792],[-119.70915,36.78775],[-119.70917,36.78726],[-119.70918,36.78715],[-119.70917,36.7871],[-119.70916,36.78672],[-119.71104,36.78674],[-119.71582,36.78671],[-119.71794,36.78674],[-119.71812,36.78671],[-119.71813,36.78727],[-119.71813,36.78771],[-119.71815,36.78895],[-119.71816,36.78951],[-119.71815,36.79042],[-119.71815,36.79168],[-119.71814,36.79313],[-119.71814,36.79395],[-119.71813,36.79403],[-119.71818,36.79403],[-119.71835,36.79404],[-119.71849,36.79403],[-119.71942,36.79403],[-119.71973,36.79403],[-119.72031,36.79404],[-119.72206,36.79406],[-119.72265,36.79407],[-119.72319,36.79408],[-119.72358,36.79409],[-119.72531,36.79412],[-119.7264,36.79413],[-119.72717,36.79413],[-119.72734,36.79414],[-119.72734,36.79409],[-119.72735,36.79396],[-119.72735,36.79392],[-119.72736,36.79383],[-119.72735,36.79352],[-119.72735,36.79331],[-119.72734,36.79312],[-119.72736,36.79299],[-119.72738,36.79287],[-119.72551,36.79271],[-119.72298,36.79265],[-119.72059,36.79256],[-119.7206,36.79206],[-119.7223,36.79152],[-119.724,36.79131],[-119.72576,36.79109],[-119.72617,36.79107],[-119.72654,36.79104],[-119.72718,36.79118],[-119.72765,36.79118],[-119.72805,36.79141],[-119.72811,36.79149],[-119.72846,36.79118],[-119.72861,36.79105],[-119.72904,36.79078],[-119.72944,36.79056],[-119.72957,36.79049],[-119.73049,36.79005],[-119.73092,36.78984],[-119.73171,36.78945],[-119.73171,36.78917],[-119.73172,36.78831],[-119.73172,36.78811],[-119.73171,36.78802],[-119.73171,36.78777],[-119.73171,36.78702],[-119.73171,36.78677],[-119.73255,36.78677],[-119.73508,36.78677],[-119.73592,36.78678],[-119.73607,36.78644],[-119.7361,36.78638],[-119.73621,36.78598],[-119.73626,36.78545],[-119.73626,36.78535],[-119.73625,36.78498],[-119.73625,36.78461],[-119.73626,36.78351],[-119.73627,36.78314],[-119.73628,36.78305],[-119.73628,36.78294],[-119.73627,36.78235],[-119.73626,36.78215],[-119.73626,36.78199],[-119.73626,36.78175],[-119.73627,36.7815],[-119.73627,36.78133],[-119.73628,36.78118],[-119.73628,36.78082],[-119.73628,36.78072],[-119.73628,36.78057],[-119.73628,36.78054],[-119.73628,36.78044],[-119.73628,36.7804],[-119.73627,36.78034],[-119.73627,36.78014],[-119.73627,36.78008],[-119.73627,36.77999],[-119.73627,36.77996],[-119.73626,36.77961],[-119.73626,36.7795],[-119.73554,36.7795],[-119.73537,36.7795],[-119.73406,36.77949],[-119.73342,36.77949],[-119.73271,36.77949],[-119.73232,36.7795],[-119.732,36.7795],[-119.73183,36.77946],[-119.7318,36.77945],[-119.73173,36.77938],[-119.73172,36.77934],[-119.73171,36.7793],[-119.73169,36.77925],[-119.73169,36.77884],[-119.73169,36.77867],[-119.73169,36.77854],[-119.7317,36.77812],[-119.7317,36.77799],[-119.7317,36.7779],[-119.73169,36.77763],[-119.73169,36.77754],[-119.7317,36.77748],[-119.7317,36.77732],[-119.73171,36.77726],[-119.73171,36.77712],[-119.73171,36.77671],[-119.73172,36.77658],[-119.73172,36.77643],[-119.73173,36.776],[-119.73173,36.77586],[-119.73172,36.77567],[-119.73171,36.77509],[-119.73171,36.77489],[-119.73171,36.7747],[-119.73172,36.77411],[-119.73172,36.77391],[-119.73172,36.77358],[-119.73173,36.77257],[-119.73173,36.77224],[-119.73173,36.77207],[-119.73174,36.77157],[-119.73174,36.7714],[-119.73174,36.77115],[-119.73175,36.7704],[-119.73175,36.77015],[-119.73175,36.76972],[-119.73176,36.76843],[-119.73176,36.768],[-119.73176,36.76772],[-119.73176,36.76753],[-119.73176,36.76689],[-119.73176,36.76662],[-119.73176,36.7664],[-119.73177,36.76575],[-119.73178,36.76554],[-119.73178,36.76546],[-119.73178,36.76531],[-119.73178,36.76523],[-119.73178,36.76516],[-119.73632,36.76516],[-119.73632,36.76503],[-119.73632,36.76496],[-119.73632,36.76491],[-119.73632,36.76489],[-119.73632,36.76478],[-119.73632,36.76474],[-119.73632,36.76473],[-119.73632,36.76469],[-119.73631,36.76443],[-119.73631,36.76367],[-119.7363,36.76342],[-119.73631,36.76327],[-119.73631,36.76282],[-119.73632,36.76268],[-119.73604,36.76268],[-119.73562,36.76268],[-119.73559,36.76258],[-119.7357,36.76222],[-119.7357,36.7614],[-119.73606,36.7614],[-119.73634,36.76136],[-119.73633,36.76129],[-119.73632,36.76122],[-119.73632,36.7611],[-119.73632,36.76104],[-119.73632,36.76091],[-119.73631,36.76054],[-119.73631,36.76042],[-119.73632,36.76024],[-119.73632,36.75971],[-119.73632,36.75953],[-119.73632,36.7595],[-119.73632,36.75941],[-119.73632,36.75938],[-119.73633,36.75923],[-119.73633,36.75921],[-119.73632,36.75877],[-119.73632,36.75862],[-119.73632,36.75843],[-119.73632,36.75788],[-119.73632,36.75769],[-119.73632,36.75752],[-119.73631,36.75699],[-119.73631,36.75681],[-119.73631,36.75665],[-119.73629,36.75616],[-119.73629,36.756],[-119.73628,36.75578],[-119.73628,36.75543],[-119.73628,36.75513],[-119.73628,36.75508],[-119.73628,36.75503],[-119.73628,36.75491],[-119.73628,36.75485],[-119.73628,36.75459],[-119.73628,36.75447],[-119.73628,36.75442],[-119.73627,36.75422],[-119.73627,36.75407],[-119.73627,36.75389],[-119.73628,36.75335],[-119.73628,36.75317],[-119.73628,36.75316],[-119.73628,36.75299],[-119.73631,36.75244],[-119.73632,36.75226],[-119.73632,36.75208],[-119.73633,36.75154],[-119.73633,36.75136],[-119.73633,36.75118],[-119.73634,36.75063],[-119.73634,36.75045],[-119.73635,36.75026],[-119.73637,36.74971],[-119.73638,36.74952],[-119.73638,36.74935],[-119.73588,36.74931],[-119.73588,36.74881],[-119.73638,36.74881],[-119.73638,36.74863],[-119.73637,36.74772],[-119.73635,36.74686],[-119.73635,36.74678],[-119.73636,36.74593],[-119.73636,36.74591],[-119.73636,36.745],[-119.73636,36.7441],[-119.73636,36.74392],[-119.73636,36.74337],[-119.73636,36.74319],[-119.73636,36.74282],[-119.73634,36.74173],[-119.73634,36.74136],[-119.73634,36.74118],[-119.73633,36.74063],[-119.73633,36.74045],[-119.73631,36.73956],[-119.73632,36.73939],[-119.73632,36.73882],[-119.73632,36.73867],[-119.73631,36.73789],[-119.73631,36.73777],[-119.73631,36.73759],[-119.73631,36.73705],[-119.73631,36.73688],[-119.73632,36.73668],[-119.73634,36.73614],[-119.73634,36.73611],[-119.73634,36.73592],[-119.73635,36.73573],[-119.73635,36.73572],[-119.73635,36.73516],[-119.73634,36.73497],[-119.73635,36.73479],[-119.73635,36.73425],[-119.73635,36.73408],[-119.73635,36.7339],[-119.73635,36.73359],[-119.73417,36.73357],[-119.73416,36.73275],[-119.73563,36.73275],[-119.73563,36.73232],[-119.73636,36.73232],[-119.73636,36.7323],[-119.73636,36.73214],[-119.73637,36.73193],[-119.73638,36.73181],[-119.73497,36.7318],[-119.73415,36.73171],[-119.734,36.7317],[-119.7336,36.73175],[-119.73361,36.73131],[-119.73346,36.7313],[-119.73345,36.73098],[-119.7341,36.73097],[-119.7341,36.73054],[-119.73421,36.73053],[-119.73439,36.73053],[-119.73438,36.73018],[-119.7364,36.73018],[-119.7364,36.72976],[-119.7364,36.72958],[-119.7364,36.7294],[-119.7364,36.72885],[-119.7364,36.72867],[-119.73641,36.7281],[-119.73645,36.72641],[-119.73646,36.72584],[-119.73646,36.72569],[-119.73647,36.72524],[-119.73647,36.72509]]]},"properties":{"ZCTA5":"93727"}},{"type":"Feature","geometry":{"type":"Polygon","coordinates":[[[-119.7928,36.77407],[-119.79279,36.77389],[-119.79279,36.77335],[-119.79279,36.77316],[-119.79278,36.77298],[-119.79278,36.77244],[-119.79278,36.77226],[-119.79233,36.77227],[-119.79098,36.77227],[-119.7907,36.77228],[-119.79053,36.77227],[-119.79053,36.77209],[-119.79053,36.77154],[-119.79054,36.77136],[-119.79053,36.77118],[-119.79053,36.77063],[-119.79053,36.77045],[-119.79053,36.77027],[-119.79054,36.76973],[-119.79054,36.76971],[-119.79054,36.76955],[-119.79054,36.76937],[-119.79054,36.76881],[-119.79054,36.76863],[-119.79085,36.76863],[-119.79179,36.76863],[-119.7921,36.76863],[-119.7921,36.76826],[-119.79211,36.76717],[-119.79211,36.76681],[-119.79219,36.76676],[-119.79245,36.76662],[-119.79253,36.76658],[-119.7923,36.76627],[-119.79161,36.76536],[-119.79137,36.76505],[-119.79155,36.76505],[-119.79169,36.76505],[-119.79169,36.76326],[-119.79151,36.76327],[-119.79151,36.76318],[-119.79152,36.76311],[-119.79152,36.7628],[-119.79139,36.7628],[-119.7914,36.76247],[-119.79115,36.76248],[-119.79115,36.76239],[-119.79115,36.76213],[-119.79111,36.76213],[-119.79111,36.76193],[-119.7917,36.76192],[-119.79171,36.76135],[-119.79054,36.76137],[-119.79054,36.75955],[-119.79056,36.75863],[-119.79054,36.7577],[-119.79048,36.7577],[-119.79045,36.7577],[-119.79028,36.75765],[-119.79021,36.75763],[-119.78921,36.75724],[-119.78922,36.75777],[-119.78896,36.75777],[-119.78856,36.75777],[-119.78816,36.75777],[-119.78804,36.75777],[-119.78795,36.75778],[-119.7879,36.75778],[-119.78786,36.7578],[-119.78736,36.7578],[-119.78721,36.75779],[-119.78721,36.75741],[-119.78721,36.75728],[-119.78715,36.7573],[-119.78708,36.75732],[-119.78703,36.75734],[-119.78658,36.75754],[-119.78649,36.75757],[-119.78631,36.75764],[-119.786,36.75768],[-119.78587,36.75768],[-119.78586,36.75813],[-119.78406,36.75819],[-119.78403,36.75768],[-119.78376,36.75768],[-119.78333,36.75768],[-119.78333,36.75817],[-119.78222,36.75817],[-119.78222,36.75769],[-119.7815,36.75769],[-119.78119,36.75769],[-119.78027,36.7577],[-119.77996,36.75771],[-119.77982,36.75771],[-119.7794,36.75771],[-119.77926,36.75771],[-119.7791,36.75771],[-119.77863,36.7577],[-119.77848,36.7577],[-119.77818,36.7577],[-119.7773,36.7577],[-119.77701,36.7577],[-119.77683,36.7577],[-119.77638,36.7577],[-119.77629,36.7577],[-119.77613,36.7577],[-119.77608,36.7577],[-119.7758,36.75771],[-119.77575,36.75771],[-119.77547,36.75771],[-119.77542,36.75771],[-119.77527,36.7577],[-119.77523,36.7577],[-119.77518,36.7577],[-119.77515,36.7577],[-119.77498,36.7577],[-119.77475,36.7577],[-119.77463,36.7577],[-119.77429,36.7577],[-119.77294,36.75769],[-119.77267,36.75768],[-119.77249,36.75769],[-119.77204,36.75769],[-119.7719,36.75769],[-119.7719,36.75817],[-119.77053,36.75817],[-119.77053,36.75769],[-119.77025,36.7577],[-119.77025,36.75788],[-119.77024,36.75817],[-119.76811,36.75817],[-119.76798,36.75817],[-119.76791,36.75817],[-119.7674,36.75814],[-119.76586,36.75815],[-119.76573,36.75816],[-119.76566,36.75816],[-119.76525,36.75815],[-119.76361,36.75815],[-119.76348,36.75819],[-119.76337,36.75821],[-119.76289,36.75821],[-119.7629,36.75843],[-119.76237,36.75844],[-119.76237,36.7582],[-119.76195,36.75821],[-119.76195,36.758],[-119.76135,36.75801],[-119.76135,36.75783],[-119.76123,36.75771],[-119.76078,36.75771],[-119.76065,36.75771],[-119.76066,36.75815],[-119.76013,36.75817],[-119.75961,36.75818],[-119.75961,36.75867],[-119.75909,36.75868],[-119.75909,36.75819],[-119.75899,36.75819],[-119.75812,36.75819],[-119.75767,36.75822],[-119.75722,36.75822],[-119.75671,36.75822],[-119.75663,36.75822],[-119.75663,36.75814],[-119.75611,36.75814],[-119.75612,36.75847],[-119.7556,36.75847],[-119.7556,36.75783],[-119.7556,36.75772],[-119.75495,36.75772],[-119.75462,36.75772],[-119.75446,36.75772],[-119.75447,36.75813],[-119.75219,36.75816],[-119.75,36.75818],[-119.74998,36.75792],[-119.74997,36.75773],[-119.74967,36.75773],[-119.74935,36.75773],[-119.7491,36.75773],[-119.74886,36.75773],[-119.74875,36.75773],[-119.74766,36.75772],[-119.74741,36.75772],[-119.74721,36.75772],[-119.74586,36.75772],[-119.74541,36.75772],[-119.74517,36.75771],[-119.74496,36.75771],[-119.74362,36.75771],[-119.74317,36.75771],[-119.74272,36.75771],[-119.74254,36.75771],[-119.74135,36.7577],[-119.74089,36.7577],[-119.74066,36.75771],[-119.74044,36.75771],[-119.73908,36.75771],[-119.73863,36.75772],[-119.73863,36.7579],[-119.73863,36.75844],[-119.73864,36.75862],[-119.73817,36.75862],[-119.73678,36.75862],[-119.73632,36.75862],[-119.73632,36.75877],[-119.73633,36.75921],[-119.73633,36.75923],[-119.73632,36.75938],[-119.73632,36.75941],[-119.73632,36.7595],[-119.73632,36.75953],[-119.73632,36.75971],[-119.73632,36.76024],[-119.73631,36.76042],[-119.73631,36.76054],[-119.73632,36.76091],[-119.73632,36.76104],[-119.73632,36.7611],[-119.73632,36.76122],[-119.73633,36.76129],[-119.73634,36.76136],[-119.73606,36.7614],[-119.7357,36.7614],[-119.7357,36.76222],[-119.73559,36.76258],[-119.73562,36.76268],[-119.73604,36.76268],[-119.73632,36.76268],[-119.73631,36.76282],[-119.73631,36.76327],[-119.7363,36.76342],[-119.73631,36.76367],[-119.73631,36.76443],[-119.73632,36.76469],[-119.73632,36.76473],[-119.73632,36.76474],[-119.73632,36.76478],[-119.73632,36.76489],[-119.73632,36.76491],[-119.73632,36.76496],[-119.73632,36.76503],[-119.73632,36.76516],[-119.73178,36.76516],[-119.73178,36.76523],[-119.73178,36.76531],[-119.73178,36.76546],[-119.73178,36.76554],[-119.73177,36.76575],[-119.73176,36.7664],[-119.73176,36.76662],[-119.73176,36.76689],[-119.73176,36.76753],[-119.73176,36.76772],[-119.73176,36.768],[-119.73176,36.76843],[-119.73175,36.76972],[-119.73175,36.77015],[-119.73175,36.7704],[-119.73174,36.77115],[-119.73174,36.7714],[-119.73174,36.77157],[-119.73173,36.77207],[-119.73173,36.77224],[-119.73173,36.77257],[-119.73172,36.77358],[-119.73172,36.77391],[-119.73172,36.77411],[-119.73171,36.7747],[-119.73171,36.77489],[-119.73171,36.77509],[-119.73172,36.77567],[-119.73173,36.77586],[-119.73173,36.776],[-119.73172,36.77643],[-119.73172,36.77658],[-119.73171,36.77671],[-119.73171,36.77712],[-119.73171,36.77726],[-119.7317,36.77732],[-119.7317,36.77748],[-119.73169,36.77754],[-119.73169,36.77763],[-119.7317,36.7779],[-119.7317,36.77799],[-119.7317,36.77812],[-119.73169,36.77854],[-119.73169,36.77867],[-119.73169,36.77884],[-119.73169,36.77925],[-119.73171,36.7793],[-119.73172,36.77934],[-119.73173,36.77938],[-119.7318,36.77945],[-119.73183,36.77946],[-119.732,36.7795],[-119.73232,36.7795],[-119.73271,36.77949],[-119.73342,36.77949],[-119.73406,36.77949],[-119.73537,36.7795],[-119.73554,36.7795],[-119.73626,36.7795],[-119.73626,36.77942],[-119.73626,36.7792],[-119.73627,36.77912],[-119.73627,36.77907],[-119.7408,36.77903],[-119.74125,36.77903],[-119.74134,36.77902],[-119.74134,36.77899],[-119.74134,36.77891],[-119.74156,36.77891],[-119.74225,36.77891],[-119.74225,36.77866],[-119.74226,36.77853],[-119.7426,36.77853],[-119.74314,36.77853],[-119.74314,36.77833],[-119.74314,36.77812],[-119.7447,36.77813],[-119.74469,36.77942],[-119.74469,36.77955],[-119.74533,36.77955],[-119.74577,36.77955],[-119.7471,36.77957],[-119.74754,36.77958],[-119.74784,36.77958],[-119.74801,36.77958],[-119.74817,36.77958],[-119.74822,36.77958],[-119.74827,36.77958],[-119.74871,36.77959],[-119.74897,36.77959],[-119.74901,36.77959],[-119.74905,36.77959],[-119.74924,36.77959],[-119.74932,36.77959],[-119.74938,36.77959],[-119.74951,36.77959],[-119.74994,36.77959],[-119.75014,36.7796],[-119.75017,36.7796],[-119.75018,36.77941],[-119.75019,36.77915],[-119.75046,36.77914],[-119.75217,36.77915],[-119.75217,36.77913],[-119.75256,36.77913],[-119.75256,36.77961],[-119.75267,36.77961],[-119.75283,36.77961],[-119.75329,36.77961],[-119.75351,36.77961],[-119.75415,36.77961],[-119.75436,36.77962],[-119.75456,36.77962],[-119.75484,36.77961],[-119.75516,36.7796],[-119.75516,36.77866],[-119.75587,36.77865],[-119.75635,36.77781],[-119.75677,36.77797],[-119.75678,36.77948],[-119.75675,36.77959],[-119.75684,36.77959],[-119.75714,36.77959],[-119.75723,36.7796],[-119.75742,36.7796],[-119.75798,36.7796],[-119.75817,36.7796],[-119.75837,36.7796],[-119.75895,36.7796],[-119.75915,36.7796],[-119.75934,36.7796],[-119.75991,36.7796],[-119.76011,36.7796],[-119.7603,36.7796],[-119.76088,36.7796],[-119.76108,36.7796],[-119.76125,36.7796],[-119.76175,36.77959],[-119.76192,36.77959],[-119.76224,36.77958],[-119.76299,36.77958],[-119.76319,36.77958],[-119.76351,36.77958],[-119.7635,36.77967],[-119.7635,36.77988],[-119.76348,36.78078],[-119.76348,36.78108],[-119.76397,36.78067],[-119.76434,36.78036],[-119.76439,36.78035],[-119.7645,36.78035],[-119.76465,36.78035],[-119.76468,36.78032],[-119.76474,36.78032],[-119.76486,36.78027],[-119.76518,36.77999],[-119.76554,36.77987],[-119.76564,36.77984],[-119.76607,36.77969],[-119.76621,36.77956],[-119.76646,36.77932],[-119.76651,36.77926],[-119.76662,36.77863],[-119.76666,36.77831],[-119.7667,36.77802],[-119.76673,36.77797],[-119.76677,36.77798],[-119.76695,36.77802],[-119.76703,36.77805],[-119.7672,36.77809],[-119.76723,36.77811],[-119.76733,36.77812],[-119.76741,36.77814],[-119.76754,36.77817],[-119.7678,36.77823],[-119.76784,36.77824],[-119.76796,36.77829],[-119.76809,36.77831],[-119.76886,36.7785],[-119.76902,36.77855],[-119.76932,36.77862],[-119.7694,36.77865],[-119.77081,36.77899],[-119.77102,36.77904],[-119.77204,36.7793],[-119.77212,36.77932],[-119.77246,36.77941],[-119.7725,36.77942],[-119.77254,36.77942],[-119.77254,36.77947],[-119.77254,36.7796],[-119.7729,36.7796],[-119.77333,36.77961],[-119.7757,36.77964],[-119.77649,36.77965],[-119.77659,36.77965],[-119.77691,36.77965],[-119.77701,36.77965],[-119.77735,36.77965],[-119.77839,36.77964],[-119.77873,36.77964],[-119.77898,36.77965],[-119.77972,36.77966],[-119.77997,36.77966],[-119.78029,36.77967],[-119.78123,36.77968],[-119.78154,36.77968],[-119.78172,36.77968],[-119.78228,36.77967],[-119.78247,36.77967],[-119.78326,36.77966],[-119.78366,36.77967],[-119.78464,36.77967],[-119.78496,36.77967],[-119.78515,36.77968],[-119.78535,36.77967],[-119.78543,36.77968],[-119.78602,36.77967],[-119.78609,36.77968],[-119.78615,36.77968],[-119.78646,36.77967],[-119.78698,36.77966],[-119.79038,36.77962],[-119.79048,36.77962],[-119.79053,36.77962],[-119.79052,36.77955],[-119.79052,36.77949],[-119.79054,36.77862],[-119.79053,36.77844],[-119.79052,36.778],[-119.79053,36.77788],[-119.79054,36.7777],[-119.79099,36.7777],[-119.7911,36.7777],[-119.79112,36.77763],[-119.79113,36.77759],[-119.79115,36.77753],[-119.79116,36.77749],[-119.79117,36.77744],[-119.79117,36.77738],[-119.79117,36.77731],[-119.79116,36.77725],[-119.79116,36.77721],[-119.79116,36.77715],[-119.79116,36.7771],[-119.79116,36.77704],[-119.79115,36.77699],[-119.79115,36.77693],[-119.79116,36.77689],[-119.79117,36.7768],[-119.79116,36.77638],[-119.79116,36.77633],[-119.79133,36.77633],[-119.79133,36.77598],[-119.79133,36.77589],[-119.79133,36.77582],[-119.79168,36.77582],[-119.79167,36.77408],[-119.79234,36.77408],[-119.7928,36.77407]]]},"properties":{"ZCTA5":"93703"}},{"type":"Feature","geometry":{"type":"Polygon","coordinates":[[[-119.81413,36.79527],[-119.81414,36.79429],[-119.81364,36.79429],[-119.81364,36.79388],[-119.81301,36.79388],[-119.81301,36.79379],[-119.81302,36.79313],[-119.81302,36.79298],[-119.81303,36.79254],[-119.81304,36.79239],[-119.81304,36.79228],[-119.81304,36.79205],[-119.81304,36.79195],[-119.81304,36.79183],[-119.81304,36.79181],[-119.81305,36.79173],[-119.81305,36.7917],[-119.81305,36.79099],[-119.81306,36.79084],[-119.81305,36.79042],[-119.81304,36.79032],[-119.81298,36.79025],[-119.81284,36.79016],[-119.81225,36.78979],[-119.81049,36.78863],[-119.81027,36.7885],[-119.80988,36.78826],[-119.80932,36.78785],[-119.80912,36.78769],[-119.80886,36.78759],[-119.80861,36.78759],[-119.80861,36.78745],[-119.80861,36.78726],[-119.80862,36.78702],[-119.80862,36.78688],[-119.80862,36.78684],[-119.80862,36.78674],[-119.80862,36.78673],[-119.80863,36.78669],[-119.80865,36.78668],[-119.80869,36.78669],[-119.80874,36.78669],[-119.80878,36.78668],[-119.80882,36.78669],[-119.80896,36.7867],[-119.80914,36.78669],[-119.8094,36.78671],[-119.80949,36.78673],[-119.80966,36.78679],[-119.8097,36.7868],[-119.80977,36.78683],[-119.80986,36.78685],[-119.81014,36.78696],[-119.81021,36.787],[-119.81029,36.78703],[-119.8104,36.78708],[-119.81048,36.78713],[-119.81063,36.7872],[-119.8107,36.78724],[-119.81088,36.78734],[-119.81093,36.78735],[-119.81099,36.78739],[-119.81112,36.78745],[-119.81115,36.78747],[-119.8113,36.78755],[-119.81137,36.78759],[-119.81164,36.78772],[-119.81186,36.78784],[-119.812,36.78792],[-119.81211,36.78798],[-119.81215,36.788],[-119.81233,36.7881],[-119.81237,36.78811],[-119.81248,36.78816],[-119.81249,36.78816],[-119.81252,36.78818],[-119.81256,36.7882],[-119.81264,36.78824],[-119.81271,36.78828],[-119.81278,36.78832],[-119.81286,36.78811],[-119.81301,36.78787],[-119.81308,36.7878],[-119.81313,36.78774],[-119.81319,36.78748],[-119.81361,36.78748],[-119.8136,36.78715],[-119.81319,36.78714],[-119.81319,36.78678],[-119.81307,36.78665],[-119.81307,36.78647],[-119.81305,36.78593],[-119.81304,36.78574],[-119.81304,36.78556],[-119.81306,36.78501],[-119.81306,36.78482],[-119.81307,36.78464],[-119.81307,36.7841],[-119.81307,36.78392],[-119.81339,36.78391],[-119.8134,36.78347],[-119.81345,36.78347],[-119.81345,36.78302],[-119.81346,36.78219],[-119.81346,36.78211],[-119.81345,36.78128],[-119.81343,36.7812],[-119.81341,36.78112],[-119.81341,36.78038],[-119.81341,36.7803],[-119.81341,36.7799],[-119.81309,36.7799],[-119.8131,36.77941],[-119.8131,36.77903],[-119.81366,36.77899],[-119.81366,36.77814],[-119.81366,36.77778],[-119.8132,36.77778],[-119.8131,36.77779],[-119.8131,36.77754],[-119.81333,36.77754],[-119.81366,36.77753],[-119.81367,36.77583],[-119.81365,36.77575],[-119.81363,36.77567],[-119.81365,36.77405],[-119.81365,36.77397],[-119.81365,36.77389],[-119.81365,36.77308],[-119.81366,36.77209],[-119.81333,36.7721],[-119.8131,36.7721],[-119.81311,36.77191],[-119.81311,36.77137],[-119.81311,36.77118],[-119.81311,36.771],[-119.81311,36.77088],[-119.81322,36.77088],[-119.81363,36.77087],[-119.81364,36.77033],[-119.81369,36.77025],[-119.81368,36.76847],[-119.81366,36.76669],[-119.81368,36.76482],[-119.81334,36.76483],[-119.81311,36.76483],[-119.81296,36.76484],[-119.81289,36.76484],[-119.81221,36.76484],[-119.81199,36.76485],[-119.81176,36.76485],[-119.81108,36.76486],[-119.81085,36.76487],[-119.80971,36.76488],[-119.80859,36.7649],[-119.80846,36.76491],[-119.80808,36.76492],[-119.80795,36.76492],[-119.80774,36.76493],[-119.80709,36.76495],[-119.80688,36.76496],[-119.80668,36.76496],[-119.80611,36.76496],[-119.80592,36.76496],[-119.80565,36.76497],[-119.80484,36.76497],[-119.80457,36.76497],[-119.80447,36.76497],[-119.80418,36.76496],[-119.80409,36.76496],[-119.80409,36.76504],[-119.80409,36.76514],[-119.80409,36.76519],[-119.80206,36.76541],[-119.80144,36.76541],[-119.80141,36.76496],[-119.80106,36.76497],[-119.80076,36.76497],[-119.80068,36.76497],[-119.80067,36.76542],[-119.79956,36.76542],[-119.79957,36.76516],[-119.79957,36.76499],[-119.79945,36.76499],[-119.79909,36.76499],[-119.79897,36.76499],[-119.79898,36.76504],[-119.79898,36.76515],[-119.79899,36.76562],[-119.79899,36.76578],[-119.79899,36.76623],[-119.79903,36.76641],[-119.79914,36.7666],[-119.7993,36.7668],[-119.79959,36.76677],[-119.79957,36.76732],[-119.79955,36.76767],[-119.79955,36.76858],[-119.7973,36.76863],[-119.7973,36.7688],[-119.7973,36.76934],[-119.7973,36.76952],[-119.79731,36.7697],[-119.79732,36.77025],[-119.79732,36.77043],[-119.79732,36.77061],[-119.79731,36.77115],[-119.79731,36.77133],[-119.79731,36.77151],[-119.79732,36.77205],[-119.79732,36.77223],[-119.79724,36.77223],[-119.79701,36.77224],[-119.79693,36.77224],[-119.79679,36.77206],[-119.79637,36.77151],[-119.79623,36.77133],[-119.79605,36.77112],[-119.79603,36.77109],[-119.79555,36.77047],[-119.79538,36.77025],[-119.79536,36.77023],[-119.79532,36.77017],[-119.7953,36.77015],[-119.79506,36.76983],[-119.79432,36.76887],[-119.79408,36.76855],[-119.79377,36.76815],[-119.79284,36.76697],[-119.79253,36.76658],[-119.79245,36.76662],[-119.79219,36.76676],[-119.79211,36.76681],[-119.79211,36.76717],[-119.7921,36.76826],[-119.7921,36.76863],[-119.79179,36.76863],[-119.79085,36.76863],[-119.79054,36.76863],[-119.79054,36.76881],[-119.79054,36.76937],[-119.79054,36.76955],[-119.79054,36.76971],[-119.79054,36.76973],[-119.79053,36.77027],[-119.79053,36.77045],[-119.79053,36.77063],[-119.79053,36.77118],[-119.79054,36.77136],[-119.79053,36.77154],[-119.79053,36.77209],[-119.79053,36.77227],[-119.7907,36.77228],[-119.79098,36.77227],[-119.79233,36.77227],[-119.79278,36.77226],[-119.79278,36.77244],[-119.79278,36.77298],[-119.79279,36.77316],[-119.79279,36.77335],[-119.79279,36.77389],[-119.7928,36.77407],[-119.79234,36.77408],[-119.79167,36.77408],[-119.79168,36.77582],[-119.79133,36.77582],[-119.79133,36.77589],[-119.79133,36.77598],[-119.79133,36.77633],[-119.79116,36.77633],[-119.79116,36.77638],[-119.79117,36.7768],[-119.79116,36.77689],[-119.79115,36.77693],[-119.79115,36.77699],[-119.79116,36.77704],[-119.79116,36.7771],[-119.79116,36.77715],[-119.79116,36.77721],[-119.79116,36.77725],[-119.79117,36.77731],[-119.79117,36.77738],[-119.79117,36.77744],[-119.79116,36.77749],[-119.79115,36.77753],[-119.79113,36.77759],[-119.79112,36.77763],[-119.7911,36.7777],[-119.79099,36.7777],[-119.79054,36.7777],[-119.79053,36.77788],[-119.79052,36.778],[-119.79053,36.77844],[-119.79054,36.77862],[-119.79052,36.77949],[-119.79052,36.77955],[-119.79053,36.77962],[-119.79053,36.77964],[-119.79052,36.78235],[-119.79051,36.78297],[-119.79053,36.78407],[-119.79053,36.78426],[-119.79053,36.78483],[-119.79053,36.78502],[-119.79063,36.78501],[-119.79098,36.78501],[-119.79233,36.78499],[-119.79278,36.78499],[-119.79286,36.78499],[-119.7931,36.78499],[-119.79317,36.78499],[-119.79355,36.78498],[-119.79467,36.78498],[-119.79504,36.78497],[-119.79549,36.78497],[-119.79685,36.78495],[-119.79731,36.78495],[-119.79731,36.78513],[-119.7973,36.78566],[-119.7973,36.78584],[-119.7973,36.78603],[-119.7973,36.78658],[-119.7973,36.78677],[-119.79685,36.78677],[-119.79548,36.78677],[-119.79503,36.78677],[-119.79458,36.78677],[-119.79324,36.78677],[-119.79279,36.78677],[-119.79279,36.78687],[-119.79277,36.78717],[-119.79277,36.78727],[-119.79277,36.78736],[-119.79278,36.78754],[-119.79276,36.78759],[-119.79277,36.78762],[-119.79277,36.78765],[-119.79281,36.78769],[-119.79287,36.78769],[-119.79304,36.78769],[-119.7931,36.78769],[-119.79349,36.78769],[-119.79465,36.78768],[-119.79504,36.78768],[-119.79504,36.78786],[-119.79503,36.78841],[-119.79503,36.78859],[-119.79458,36.78859],[-119.79323,36.7886],[-119.7928,36.78861],[-119.79278,36.78861],[-119.79233,36.78861],[-119.79097,36.78862],[-119.79059,36.78862],[-119.79052,36.78863],[-119.79051,36.78899],[-119.7905,36.79009],[-119.7905,36.79046],[-119.79062,36.79046],[-119.79096,36.79046],[-119.79236,36.79044],[-119.79283,36.79043],[-119.79283,36.79061],[-119.79282,36.79116],[-119.79282,36.79134],[-119.79282,36.79152],[-119.79282,36.79207],[-119.79282,36.79226],[-119.79272,36.79226],[-119.79241,36.79226],[-119.79231,36.79226],[-119.79228,36.79229],[-119.79228,36.79254],[-119.79227,36.79341],[-119.79227,36.79371],[-119.79227,36.79372],[-119.79227,36.79378],[-119.79227,36.79399],[-119.79227,36.79406],[-119.79198,36.79406],[-119.79192,36.79407],[-119.79087,36.79408],[-119.79051,36.79409],[-119.79052,36.79423],[-119.79052,36.79445],[-119.79052,36.7945],[-119.79049,36.79553],[-119.79049,36.79589],[-119.79059,36.79589],[-119.79074,36.79589],[-119.79152,36.79588],[-119.79178,36.79588],[-119.79197,36.79587],[-119.79208,36.79587],[-119.79256,36.79586],[-119.79275,36.79586],[-119.79275,36.79605],[-119.79276,36.79659],[-119.79276,36.79678],[-119.79275,36.79696],[-119.79274,36.7975],[-119.79274,36.79768],[-119.79294,36.79767],[-119.79353,36.79767],[-119.79373,36.79767],[-119.79387,36.79766],[-119.79385,36.79835],[-119.79385,36.79852],[-119.7933,36.79854],[-119.79332,36.79947],[-119.7932,36.79947],[-119.79314,36.79947],[-119.79285,36.79947],[-119.79274,36.79947],[-119.79228,36.79948],[-119.79092,36.79949],[-119.79066,36.79949],[-119.79047,36.79949],[-119.79047,36.79986],[-119.79048,36.80095],[-119.79048,36.80132],[-119.79057,36.80132],[-119.79066,36.80132],[-119.79114,36.80131],[-119.79114,36.80171],[-119.79162,36.80169],[-119.79162,36.80247],[-119.79162,36.80267],[-119.7916,36.8031],[-119.79158,36.8049],[-119.7916,36.8067],[-119.79159,36.80746],[-119.79269,36.80744],[-119.79269,36.80753],[-119.7927,36.80763],[-119.7927,36.80772],[-119.7927,36.8078],[-119.79269,36.80813],[-119.79269,36.80833],[-119.79268,36.8085],[-119.79223,36.8085],[-119.79088,36.80851],[-119.79062,36.80851],[-119.79043,36.8085],[-119.79042,36.80897],[-119.79042,36.80921],[-119.79042,36.80951],[-119.79265,36.80957],[-119.79257,36.81208],[-119.79262,36.81561],[-119.79262,36.8157],[-119.79106,36.8157],[-119.79057,36.8157],[-119.79039,36.81571],[-119.79038,36.81644],[-119.79037,36.81863],[-119.79037,36.81937],[-119.79036,36.82008],[-119.79035,36.82221],[-119.79035,36.82292],[-119.79038,36.82292],[-119.79046,36.82292],[-119.79049,36.82292],[-119.79056,36.82292],[-119.79068,36.82292],[-119.79095,36.82292],[-119.79128,36.82291],[-119.79148,36.82291],[-119.79171,36.8229],[-119.79238,36.82289],[-119.7926,36.82289],[-119.79259,36.82344],[-119.79257,36.8251],[-119.79257,36.82531],[-119.79145,36.82531],[-119.79145,36.82527],[-119.79145,36.82517],[-119.79145,36.82513],[-119.79145,36.82502],[-119.79133,36.82503],[-119.79092,36.82503],[-119.7909,36.82616],[-119.79144,36.82615],[-119.79144,36.82619],[-119.79143,36.82643],[-119.79143,36.82651],[-119.79153,36.82661],[-119.79152,36.82773],[-119.79151,36.82948],[-119.7915,36.83013],[-119.7915,36.83025],[-119.79149,36.83177],[-119.79149,36.83352],[-119.79149,36.83378],[-119.79147,36.83722],[-119.7924,36.8372],[-119.79247,36.8372],[-119.79269,36.8372],[-119.79277,36.83719],[-119.79324,36.83718],[-119.79468,36.83715],[-119.79516,36.83714],[-119.79591,36.83712],[-119.79733,36.83709],[-119.7974,36.83709],[-119.79816,36.83707],[-119.79891,36.83706],[-119.79924,36.83705],[-119.79948,36.83705],[-119.79958,36.83705],[-119.80188,36.83705],[-119.80265,36.83704],[-119.80495,36.83703],[-119.80571,36.83702],[-119.80623,36.83702],[-119.80777,36.83701],[-119.80829,36.83701],[-119.80876,36.83701],[-119.81016,36.83702],[-119.81023,36.83702],[-119.81063,36.83701],[-119.81072,36.83681],[-119.81072,36.83534],[-119.81072,36.83516],[-119.80868,36.83517],[-119.80854,36.83493],[-119.80849,36.83493],[-119.80835,36.83492],[-119.8083,36.83492],[-119.80831,36.83484],[-119.8083,36.83478],[-119.80831,36.83458],[-119.80832,36.8342],[-119.80832,36.83402],[-119.80853,36.83402],[-119.81142,36.83418],[-119.81141,36.83402],[-119.81142,36.83365],[-119.81141,36.83327],[-119.81055,36.83328],[-119.81047,36.83327],[-119.81047,36.8332],[-119.81051,36.83301],[-119.81057,36.83271],[-119.81069,36.83228],[-119.81069,36.83227],[-119.81074,36.83216],[-119.81085,36.83208],[-119.81101,36.83208],[-119.8113,36.83208],[-119.81144,36.8321],[-119.81146,36.8321],[-119.81158,36.83213],[-119.81161,36.83213],[-119.81167,36.83198],[-119.81172,36.83186],[-119.81179,36.8316],[-119.81178,36.83151],[-119.81178,36.83135],[-119.81178,36.83124],[-119.81178,36.83093],[-119.81179,36.83083],[-119.81179,36.83067],[-119.8118,36.83021],[-119.8118,36.83005],[-119.81162,36.83005],[-119.81108,36.83005],[-119.8109,36.83005],[-119.81087,36.83005],[-119.81079,36.83005],[-119.81076,36.83006],[-119.8107,36.83006],[-119.81027,36.83006],[-119.8097,36.83006],[-119.8088,36.83007],[-119.8083,36.83008],[-119.8083,36.82979],[-119.80831,36.82904],[-119.80921,36.8291],[-119.81066,36.8291],[-119.81064,36.82819],[-119.81055,36.8282],[-119.81056,36.82646],[-119.81049,36.82646],[-119.8103,36.82646],[-119.80972,36.82647],[-119.80953,36.82647],[-119.80948,36.82647],[-119.80947,36.82602],[-119.80921,36.8259],[-119.80897,36.8259],[-119.80896,36.82567],[-119.80896,36.82518],[-119.80885,36.82513],[-119.80885,36.82487],[-119.80886,36.8247],[-119.80884,36.82407],[-119.80957,36.82407],[-119.80957,36.82393],[-119.80994,36.82392],[-119.81068,36.82391],[-119.81068,36.82323],[-119.81124,36.82323],[-119.81124,36.82294],[-119.81124,36.82284],[-119.811,36.82284],[-119.8103,36.82284],[-119.81007,36.82284],[-119.80984,36.82284],[-119.80959,36.82283],[-119.80957,36.82264],[-119.80954,36.82148],[-119.80884,36.82149],[-119.80884,36.82104],[-119.80894,36.82104],[-119.80899,36.82104],[-119.809,36.82014],[-119.80915,36.82013],[-119.80916,36.81983],[-119.80914,36.81924],[-119.809,36.81924],[-119.80875,36.81925],[-119.80853,36.81925],[-119.80835,36.81924],[-119.80834,36.81852],[-119.80834,36.81845],[-119.80835,36.81677],[-119.80839,36.81634],[-119.80844,36.81562],[-119.80843,36.81543],[-119.80842,36.81489],[-119.80841,36.81471],[-119.80849,36.81472],[-119.80859,36.81472],[-119.80906,36.81471],[-119.80904,36.81381],[-119.80858,36.81381],[-119.80839,36.81381],[-119.80839,36.81363],[-119.8084,36.8131],[-119.8084,36.81292],[-119.80841,36.81199],[-119.80852,36.81199],[-119.80921,36.81199],[-119.8094,36.81199],[-119.80954,36.81199],[-119.80958,36.80964],[-119.80982,36.80938],[-119.81014,36.80937],[-119.81025,36.80936],[-119.81059,36.80936],[-119.81071,36.80936],[-119.81071,36.80927],[-119.81071,36.80899],[-119.81071,36.8089],[-119.81071,36.80884],[-119.81071,36.80866],[-119.81071,36.8086],[-119.81071,36.80855],[-119.81071,36.80841],[-119.81071,36.80837],[-119.8109,36.80837],[-119.81147,36.80836],[-119.81147,36.80821],[-119.81148,36.80733],[-119.81148,36.80724],[-119.81149,36.80721],[-119.81162,36.8072],[-119.81244,36.8072],[-119.81293,36.80721],[-119.81293,36.80728],[-119.81293,36.8075],[-119.81293,36.80758],[-119.81369,36.80757],[-119.81369,36.80725],[-119.81408,36.80725],[-119.81408,36.80655],[-119.81408,36.80522],[-119.8136,36.80522],[-119.8136,36.80498],[-119.81294,36.80499],[-119.81295,36.80473],[-119.81295,36.80458],[-119.81295,36.80432],[-119.81396,36.80432],[-119.81408,36.80432],[-119.8141,36.80153],[-119.81394,36.80153],[-119.81348,36.80154],[-119.81349,36.80139],[-119.81349,36.80111],[-119.81349,36.80104],[-119.8136,36.80103],[-119.8136,36.8007],[-119.81411,36.8007],[-119.81412,36.79972],[-119.8136,36.79972],[-119.8136,36.79939],[-119.81364,36.79931],[-119.81368,36.79923],[-119.81368,36.7989],[-119.81411,36.79889],[-119.81412,36.79791],[-119.81361,36.79791],[-119.81361,36.79749],[-119.81362,36.79709],[-119.81412,36.79708],[-119.81413,36.7961],[-119.81363,36.7961],[-119.81363,36.79577],[-119.81359,36.79568],[-119.81356,36.79561],[-119.81356,36.79528],[-119.81413,36.79527]],[[-119.79674,36.83641],[-119.79673,36.83649],[-119.7967,36.83674],[-119.79669,36.83682],[-119.79651,36.83683],[-119.79598,36.83686],[-119.7958,36.83687],[-119.7958,36.83678],[-119.79578,36.83651],[-119.79578,36.83643],[-119.79565,36.83642],[-119.79526,36.83641],[-119.79514,36.83641],[-119.79514,36.8363],[-119.79514,36.83597],[-119.79514,36.83586],[-119.79503,36.83584],[-119.79492,36.83582],[-119.79475,36.83577],[-119.79469,36.83574],[-119.79458,36.83569],[-119.79453,36.8358],[-119.79453,36.83585],[-119.79451,36.83602],[-119.79451,36.83691],[-119.7944,36.83691],[-119.79407,36.83692],[-119.79396,36.83692],[-119.79396,36.83652],[-119.79397,36.83532],[-119.79397,36.83492],[-119.79401,36.8351],[-119.79404,36.83514],[-119.79409,36.83515],[-119.79424,36.83514],[-119.79437,36.83512],[-119.79452,36.83504],[-119.79452,36.83493],[-119.79452,36.83462],[-119.79452,36.83452],[-119.79452,36.83441],[-119.79452,36.83411],[-119.79452,36.83401],[-119.79475,36.83402],[-119.79495,36.83402],[-119.79541,36.83402],[-119.79571,36.83402],[-119.79596,36.83403],[-119.79608,36.83405],[-119.79619,36.83409],[-119.79635,36.83416],[-119.79646,36.83421],[-119.7964,36.83428],[-119.79621,36.83451],[-119.79615,36.83459],[-119.79615,36.83467],[-119.79613,36.83492],[-119.79613,36.835],[-119.79615,36.83522],[-119.79612,36.83536],[-119.79609,36.83542],[-119.79599,36.83545],[-119.79585,36.83587],[-119.79601,36.83588],[-119.79645,36.83593],[-119.7965,36.83593],[-119.79656,36.83593],[-119.79661,36.83592],[-119.79669,36.83593],[-119.7967,36.83596],[-119.79671,36.83601],[-119.79673,36.83629],[-119.79674,36.83641]],[[-119.79362,36.83523],[-119.79362,36.83532],[-119.79361,36.83561],[-119.79361,36.83571],[-119.79357,36.83571],[-119.79345,36.83572],[-119.79341,36.83573],[-119.79334,36.83572],[-119.79312,36.83572],[-119.79305,36.83572],[-119.793,36.83572],[-119.79282,36.83572],[-119.79277,36.83572],[-119.79269,36.83572],[-119.79244,36.83572],[-119.79236,36.83572],[-119.79232,36.83571],[-119.79219,36.8357],[-119.79214,36.8357],[-119.79207,36.8357],[-119.79184,36.83572],[-119.79177,36.83573],[-119.7915,36.83571],[-119.7915,36.83561],[-119.7915,36.83532],[-119.7915,36.83522],[-119.79155,36.83522],[-119.7917,36.83523],[-119.79175,36.83524],[-119.79175,36.83515],[-119.79176,36.83488],[-119.79176,36.8348],[-119.79176,36.8347],[-119.79175,36.83442],[-119.79175,36.83432],[-119.79174,36.83423],[-119.79174,36.83394],[-119.79174,36.83384],[-119.79207,36.83384],[-119.79306,36.83381],[-119.79339,36.83381],[-119.79339,36.8339],[-119.7934,36.83418],[-119.7934,36.83428],[-119.7934,36.83437],[-119.79339,36.83466],[-119.79339,36.83476],[-119.79339,36.83485],[-119.79338,36.83514],[-119.79338,36.83524],[-119.79343,36.83524],[-119.79357,36.83523],[-119.79362,36.83523]]]},"properties":{"ZCTA5":"93704"}},{"type":"Feature","geometry":{"type":"Polygon","coordinates":[[[-119.87503,36.85388],[-119.87503,36.85376],[-119.87503,36.8536],[-119.87501,36.85141],[-119.8749,36.84753],[-119.87475,36.84482],[-119.87477,36.84459],[-119.87481,36.84451],[-119.87454,36.84456],[-119.87389,36.84439],[-119.87316,36.84419],[-119.87276,36.84402],[-119.87238,36.84375],[-119.87215,36.84354],[-119.87141,36.84306],[-119.87124,36.843],[-119.87073,36.84283],[-119.86955,36.84277],[-119.86836,36.84289],[-119.86698,36.84315],[-119.86565,36.84345],[-119.86564,36.84286],[-119.86564,36.84285],[-119.86563,36.84269],[-119.86562,36.84239],[-119.86562,36.84221],[-119.86562,36.84217],[-119.86561,36.84203],[-119.86561,36.84188],[-119.8656,36.84166],[-119.8656,36.84158],[-119.86559,36.84135],[-119.86559,36.84128],[-119.86559,36.84114],[-119.86558,36.84098],[-119.86558,36.84092],[-119.86557,36.84067],[-119.86557,36.84045],[-119.86557,36.84036],[-119.86556,36.83999],[-119.86555,36.83989],[-119.86555,36.83977],[-119.86554,36.83931],[-119.86552,36.83864],[-119.86551,36.83843],[-119.8656,36.83843],[-119.86584,36.83845],[-119.8659,36.83846],[-119.86604,36.8385],[-119.86607,36.8385],[-119.86609,36.83851],[-119.8662,36.83856],[-119.86624,36.83858],[-119.86628,36.83861],[-119.86657,36.8388],[-119.86679,36.83896],[-119.86686,36.83901],[-119.86691,36.83905],[-119.86697,36.83911],[-119.86705,36.83917],[-119.86707,36.83918],[-119.8671,36.8392],[-119.86726,36.83932],[-119.86752,36.83951],[-119.86828,36.84006],[-119.86853,36.84025],[-119.86895,36.84055],[-119.87019,36.84145],[-119.87061,36.84175],[-119.87125,36.8422],[-119.8722,36.84286],[-119.87225,36.84288],[-119.87241,36.84294],[-119.87246,36.84297],[-119.87469,36.84315],[-119.87468,36.84296],[-119.87465,36.84266],[-119.87422,36.84235],[-119.87291,36.84141],[-119.87248,36.8411],[-119.87234,36.841],[-119.87191,36.84069],[-119.87177,36.84059],[-119.87174,36.84057],[-119.87166,36.84051],[-119.87163,36.84049],[-119.87161,36.84047],[-119.87153,36.84041],[-119.87151,36.8404],[-119.87148,36.84038],[-119.8714,36.84032],[-119.87137,36.84029],[-119.87113,36.84012],[-119.87043,36.83962],[-119.87019,36.83945],[-119.86997,36.8393],[-119.86974,36.83915],[-119.86963,36.83906],[-119.86954,36.83895],[-119.8695,36.83881],[-119.86947,36.83858],[-119.86943,36.83764],[-119.86942,36.83746],[-119.86941,36.83735],[-119.86944,36.8371],[-119.86804,36.83713],[-119.86795,36.83713],[-119.86559,36.83718],[-119.86382,36.8372],[-119.8636,36.83721],[-119.86241,36.83723],[-119.86241,36.83719],[-119.86242,36.83706],[-119.86242,36.83702],[-119.86242,36.83353],[-119.86241,36.83166],[-119.86242,36.83153],[-119.86242,36.82994],[-119.86242,36.82939],[-119.86242,36.82934],[-119.86242,36.82892],[-119.86244,36.82848],[-119.86245,36.82832],[-119.86247,36.82793],[-119.86248,36.82713],[-119.86248,36.82668],[-119.86249,36.82653],[-119.86249,36.82634],[-119.86249,36.82629],[-119.86249,36.82607],[-119.86249,36.82592],[-119.86249,36.82582],[-119.8625,36.8255],[-119.86251,36.82539],[-119.86251,36.82523],[-119.86252,36.82474],[-119.86253,36.82457],[-119.86248,36.82445],[-119.86253,36.82394],[-119.86254,36.82362],[-119.86254,36.82324],[-119.86254,36.82314],[-119.86255,36.82286],[-119.86255,36.82282],[-119.86254,36.82271],[-119.86266,36.8227],[-119.86302,36.82268],[-119.86314,36.82267],[-119.8632,36.82267],[-119.86336,36.82265],[-119.86342,36.82265],[-119.86352,36.82265],[-119.86381,36.82264],[-119.86391,36.82264],[-119.86379,36.8225],[-119.86283,36.82188],[-119.86271,36.82177],[-119.86263,36.82166],[-119.86258,36.82154],[-119.86256,36.82139],[-119.86256,36.82117],[-119.86255,36.82078],[-119.86254,36.82039],[-119.86256,36.81978],[-119.86258,36.8196],[-119.8626,36.81905],[-119.86261,36.819],[-119.86268,36.8183],[-119.8627,36.81707],[-119.86265,36.81696],[-119.86263,36.81686],[-119.86268,36.81672],[-119.86279,36.81663],[-119.86291,36.81653],[-119.86312,36.81635],[-119.86325,36.81624],[-119.863,36.81592],[-119.86293,36.81579],[-119.86284,36.81562],[-119.86278,36.81541],[-119.86276,36.81541],[-119.86251,36.81542],[-119.86221,36.81541],[-119.86171,36.81541],[-119.86144,36.81541],[-119.86139,36.81454],[-119.86139,36.81376],[-119.86123,36.81374],[-119.86101,36.81373],[-119.86062,36.81373],[-119.86042,36.81374],[-119.86029,36.81374],[-119.86028,36.81324],[-119.86044,36.81324],[-119.86053,36.81326],[-119.86073,36.81331],[-119.86087,36.81331],[-119.86097,36.81331],[-119.86115,36.81329],[-119.86132,36.81325],[-119.86145,36.81323],[-119.8615,36.81323],[-119.86157,36.81325],[-119.86166,36.81325],[-119.86177,36.81326],[-119.86183,36.81325],[-119.86187,36.81324],[-119.8619,36.81321],[-119.8619,36.81313],[-119.86257,36.81315],[-119.86258,36.81182],[-119.86261,36.80827],[-119.86263,36.80818],[-119.86263,36.80815],[-119.86262,36.8078],[-119.86262,36.80774],[-119.86261,36.80768],[-119.86259,36.80767],[-119.86237,36.80755],[-119.86229,36.80752],[-119.86218,36.80746],[-119.86193,36.80737],[-119.86182,36.80731],[-119.86174,36.80729],[-119.86171,36.80728],[-119.86169,36.80728],[-119.86166,36.80726],[-119.86161,36.80725],[-119.86154,36.8072],[-119.86151,36.80719],[-119.86142,36.80716],[-119.8613,36.80711],[-119.86119,36.80706],[-119.86115,36.80705],[-119.86107,36.80702],[-119.86067,36.80686],[-119.86063,36.80684],[-119.86051,36.80679],[-119.86044,36.80676],[-119.86035,36.80673],[-119.86027,36.8067],[-119.86012,36.80663],[-119.86004,36.8066],[-119.85976,36.80648],[-119.85956,36.80641],[-119.85948,36.80637],[-119.8594,36.80634],[-119.8592,36.80626],[-119.85912,36.80622],[-119.85904,36.8062],[-119.85897,36.80617],[-119.85888,36.80613],[-119.8588,36.8061],[-119.85868,36.80605],[-119.85865,36.80603],[-119.85857,36.806],[-119.85808,36.80581],[-119.85806,36.80579],[-119.85804,36.80579],[-119.85797,36.80576],[-119.85777,36.80568],[-119.85772,36.80567],[-119.85756,36.80561],[-119.85737,36.80552],[-119.85729,36.80549],[-119.85701,36.80538],[-119.85697,36.80537],[-119.85686,36.80531],[-119.85681,36.80529],[-119.85673,36.80527],[-119.85661,36.80523],[-119.85634,36.8051],[-119.8563,36.8051],[-119.85625,36.80509],[-119.85598,36.80497],[-119.85586,36.80492],[-119.85578,36.80489],[-119.85562,36.80482],[-119.85554,36.8048],[-119.85535,36.80471],[-119.8553,36.8047],[-119.85518,36.80466],[-119.85503,36.80458],[-119.85495,36.80455],[-119.8549,36.80455],[-119.85483,36.80451],[-119.8547,36.80449],[-119.85466,36.80447],[-119.85462,36.80446],[-119.85457,36.80445],[-119.85441,36.80438],[-119.85438,36.80436],[-119.8543,36.80433],[-119.85405,36.80425],[-119.85401,36.80425],[-119.85393,36.80422],[-119.85368,36.80415],[-119.85351,36.8041],[-119.8535,36.8041],[-119.85348,36.80418],[-119.85346,36.80424],[-119.85346,36.80559],[-119.85361,36.80575],[-119.85372,36.806],[-119.85372,36.80613],[-119.85347,36.80615],[-119.8485,36.80615],[-119.84851,36.80673],[-119.84454,36.80673],[-119.84438,36.80663],[-119.84439,36.80675],[-119.84439,36.80684],[-119.8444,36.80713],[-119.84443,36.80785],[-119.84443,36.808],[-119.84443,36.80829],[-119.84414,36.80829],[-119.84335,36.80829],[-119.84326,36.80829],[-119.84297,36.80828],[-119.84259,36.80827],[-119.84146,36.80823],[-119.84121,36.80823],[-119.84108,36.80823],[-119.84102,36.80823],[-119.84086,36.80823],[-119.84081,36.80823],[-119.84064,36.80809],[-119.8405,36.808],[-119.84041,36.80797],[-119.84032,36.80795],[-119.84023,36.80796],[-119.84012,36.80796],[-119.83925,36.80805],[-119.83882,36.80808],[-119.83849,36.80809],[-119.8381,36.80805],[-119.8377,36.808],[-119.83755,36.80797],[-119.83756,36.80738],[-119.83754,36.80711],[-119.83753,36.80703],[-119.83745,36.80697],[-119.83726,36.80684],[-119.83666,36.80641],[-119.83642,36.80631],[-119.83621,36.80623],[-119.83602,36.80624],[-119.8358,36.80628],[-119.83558,36.8064],[-119.83536,36.80657],[-119.83528,36.80655],[-119.83507,36.80655],[-119.8347,36.80655],[-119.83418,36.80656],[-119.83388,36.80657],[-119.83363,36.80657],[-119.83289,36.80659],[-119.83264,36.80659],[-119.83264,36.80693],[-119.8309,36.8069],[-119.8309,36.8077],[-119.83026,36.8077],[-119.83025,36.80724],[-119.83025,36.80705],[-119.83023,36.80699],[-119.83015,36.80694],[-119.82947,36.80695],[-119.82715,36.80695],[-119.82661,36.80695],[-119.82638,36.80695],[-119.82638,36.80703],[-119.82639,36.80729],[-119.82639,36.80737],[-119.82639,36.80755],[-119.82639,36.80779],[-119.82621,36.80779],[-119.82425,36.8078],[-119.82415,36.8078],[-119.82201,36.80781],[-119.8219,36.80779],[-119.8218,36.80777],[-119.82002,36.80778],[-119.8199,36.80778],[-119.81787,36.8078],[-119.81742,36.80781],[-119.81742,36.80763],[-119.81743,36.80745],[-119.81743,36.80744],[-119.81743,36.8074],[-119.81743,36.80739],[-119.81744,36.80722],[-119.81746,36.80671],[-119.81746,36.80654],[-119.81729,36.80655],[-119.81689,36.80658],[-119.8168,36.80658],[-119.81678,36.80658],[-119.8166,36.80658],[-119.81632,36.80658],[-119.81632,36.80662],[-119.81631,36.80674],[-119.8163,36.80702],[-119.81628,36.80709],[-119.81627,36.80713],[-119.81622,36.80719],[-119.81618,36.8072],[-119.81602,36.8072],[-119.81539,36.80719],[-119.81519,36.80718],[-119.81518,36.80742],[-119.81518,36.8075],[-119.8151,36.8075],[-119.81477,36.8075],[-119.81477,36.80722],[-119.81408,36.80725],[-119.81369,36.80725],[-119.81369,36.80757],[-119.81293,36.80758],[-119.81293,36.8075],[-119.81293,36.80728],[-119.81293,36.80721],[-119.81244,36.8072],[-119.81162,36.8072],[-119.81149,36.80721],[-119.81148,36.80724],[-119.81148,36.80733],[-119.81147,36.80821],[-119.81147,36.80836],[-119.8109,36.80837],[-119.81071,36.80837],[-119.81071,36.80841],[-119.81071,36.80855],[-119.81071,36.8086],[-119.81071,36.80866],[-119.81071,36.80884],[-119.81071,36.8089],[-119.81071,36.80899],[-119.81071,36.80927],[-119.81071,36.80936],[-119.81059,36.80936],[-119.81025,36.80936],[-119.81014,36.80937],[-119.80982,36.80938],[-119.80958,36.80964],[-119.80954,36.81199],[-119.8094,36.81199],[-119.80921,36.81199],[-119.80852,36.81199],[-119.80841,36.81199],[-119.8084,36.81292],[-119.8084,36.8131],[-119.80839,36.81363],[-119.80839,36.81381],[-119.80858,36.81381],[-119.80904,36.81381],[-119.80906,36.81471],[-119.80859,36.81472],[-119.80849,36.81472],[-119.80841,36.81471],[-119.80842,36.81489],[-119.80843,36.81543],[-119.80844,36.81562],[-119.80839,36.81634],[-119.80835,36.81677],[-119.80834,36.81845],[-119.80834,36.81852],[-119.80835,36.81924],[-119.80853,36.81925],[-119.80875,36.81925],[-119.809,36.81924],[-119.80914,36.81924],[-119.80916,36.81983],[-119.80915,36.82013],[-119.809,36.82014],[-119.80899,36.82104],[-119.80894,36.82104],[-119.80884,36.82104],[-119.80884,36.82149],[-119.80954,36.82148],[-119.80957,36.82264],[-119.80959,36.82283],[-119.80984,36.82284],[-119.81007,36.82284],[-119.8103,36.82284],[-119.811,36.82284],[-119.81124,36.82284],[-119.81124,36.82294],[-119.81124,36.82323],[-119.81068,36.82323],[-119.81068,36.82391],[-119.80994,36.82392],[-119.80957,36.82393],[-119.80957,36.82407],[-119.80884,36.82407],[-119.80886,36.8247],[-119.80885,36.82487],[-119.80885,36.82513],[-119.80896,36.82518],[-119.80896,36.82567],[-119.80897,36.8259],[-119.80921,36.8259],[-119.80947,36.82602],[-119.80948,36.82647],[-119.80953,36.82647],[-119.80972,36.82647],[-119.8103,36.82646],[-119.81049,36.82646],[-119.81056,36.82646],[-119.81055,36.8282],[-119.81064,36.82819],[-119.81066,36.8291],[-119.80921,36.8291],[-119.80831,36.82904],[-119.8083,36.82979],[-119.8083,36.83008],[-119.8088,36.83007],[-119.8097,36.83006],[-119.81027,36.83006],[-119.8107,36.83006],[-119.81076,36.83006],[-119.81079,36.83005],[-119.81087,36.83005],[-119.8109,36.83005],[-119.81108,36.83005],[-119.81162,36.83005],[-119.8118,36.83005],[-119.8118,36.83021],[-119.81179,36.83067],[-119.81179,36.83083],[-119.81178,36.83093],[-119.81178,36.83124],[-119.81178,36.83135],[-119.81178,36.83151],[-119.81179,36.8316],[-119.81172,36.83186],[-119.81167,36.83198],[-119.81161,36.83213],[-119.81158,36.83213],[-119.81146,36.8321],[-119.81144,36.8321],[-119.8113,36.83208],[-119.81101,36.83208],[-119.81085,36.83208],[-119.81074,36.83216],[-119.81069,36.83227],[-119.81069,36.83228],[-119.81057,36.83271],[-119.81051,36.83301],[-119.81047,36.8332],[-119.81047,36.83327],[-119.81055,36.83328],[-119.81141,36.83327],[-119.81142,36.83365],[-119.81141,36.83402],[-119.81142,36.83418],[-119.80853,36.83402],[-119.80832,36.83402],[-119.80832,36.8342],[-119.80831,36.83458],[-119.8083,36.83478],[-119.80831,36.83484],[-119.8083,36.83492],[-119.80835,36.83492],[-119.80849,36.83493],[-119.80854,36.83493],[-119.80868,36.83517],[-119.81072,36.83516],[-119.81072,36.83534],[-119.81072,36.83681],[-119.81063,36.83701],[-119.81085,36.83701],[-119.81152,36.83701],[-119.81172,36.837],[-119.81174,36.837],[-119.812,36.837],[-119.81277,36.83701],[-119.81302,36.83701],[-119.81303,36.83701],[-119.81303,36.83707],[-119.81304,36.83722],[-119.81305,36.83729],[-119.81305,36.83735],[-119.81306,36.83753],[-119.81305,36.8381],[-119.81305,36.8383],[-119.81306,36.83847],[-119.81299,36.83885],[-119.81298,36.8389],[-119.81509,36.83889],[-119.81562,36.83889],[-119.81562,36.83952],[-119.81554,36.83952],[-119.81553,36.84003],[-119.81552,36.84096],[-119.81472,36.84097],[-119.81394,36.84097],[-119.81394,36.84114],[-119.81393,36.84164],[-119.81393,36.84181],[-119.81393,36.84188],[-119.81394,36.84242],[-119.81393,36.84263],[-119.81388,36.84274],[-119.81381,36.84286],[-119.81366,36.84298],[-119.81343,36.84284],[-119.81328,36.84278],[-119.81308,36.84271],[-119.8128,36.84264],[-119.81248,36.84261],[-119.81213,36.84261],[-119.81183,36.84261],[-119.81093,36.84261],[-119.81086,36.84261],[-119.81076,36.84259],[-119.8107,36.84257],[-119.81067,36.84251],[-119.81066,36.84248],[-119.81066,36.84238],[-119.81065,36.84215],[-119.81065,36.84197],[-119.81065,36.84184],[-119.81065,36.84168],[-119.81064,36.84122],[-119.81064,36.84106],[-119.81064,36.84084],[-119.81064,36.8407],[-119.81065,36.8402],[-119.81066,36.83998],[-119.81065,36.83962],[-119.81065,36.83853],[-119.81065,36.83817],[-119.81019,36.83818],[-119.81015,36.83818],[-119.80974,36.8382],[-119.80976,36.8407],[-119.80811,36.84066],[-119.80804,36.84066],[-119.80648,36.84063],[-119.80622,36.8406],[-119.80615,36.84075],[-119.80731,36.84141],[-119.8054,36.84359],[-119.80425,36.84293],[-119.80386,36.84312],[-119.80272,36.84312],[-119.80272,36.84331],[-119.80201,36.84332],[-119.80184,36.8435],[-119.80184,36.84369],[-119.80184,36.84426],[-119.80184,36.84445],[-119.80139,36.84445],[-119.80005,36.84447],[-119.7996,36.84448],[-119.79915,36.84448],[-119.79804,36.84448],[-119.79781,36.84449],[-119.7978,36.84449],[-119.79754,36.8445],[-119.79735,36.84453],[-119.79712,36.84459],[-119.7969,36.84464],[-119.79638,36.84484],[-119.79609,36.84499],[-119.79576,36.84518],[-119.79529,36.84545],[-119.79467,36.84579],[-119.79485,36.84604],[-119.79485,36.84618],[-119.79486,36.84939],[-119.79485,36.84988],[-119.79487,36.84997],[-119.79491,36.85011],[-119.79491,36.85021],[-119.79487,36.85042],[-119.79487,36.8507],[-119.79491,36.85082],[-119.79492,36.85092],[-119.79493,36.85121],[-119.79497,36.85134],[-119.79498,36.85137],[-119.79501,36.8515],[-119.79503,36.85185],[-119.79369,36.85185],[-119.79324,36.85185],[-119.79278,36.85185],[-119.79141,36.85186],[-119.79095,36.85186],[-119.79095,36.85218],[-119.79094,36.85251],[-119.79094,36.85255],[-119.79092,36.85274],[-119.79088,36.85293],[-119.79079,36.85315],[-119.79068,36.85334],[-119.79054,36.85354],[-119.7903,36.85378],[-119.79012,36.85394],[-119.78999,36.85405],[-119.78981,36.85417],[-119.78979,36.85418],[-119.78936,36.85447],[-119.78926,36.85454],[-119.78922,36.85457],[-119.78923,36.85459],[-119.78995,36.85568],[-119.79044,36.85654],[-119.79091,36.85754],[-119.79102,36.85781],[-119.79128,36.85862],[-119.79145,36.8594],[-119.79161,36.86021],[-119.79163,36.86036],[-119.79169,36.86094],[-119.79169,36.86107],[-119.79176,36.86287],[-119.79178,36.86321],[-119.79196,36.86627],[-119.79198,36.86704],[-119.79199,36.86743],[-119.792,36.86798],[-119.79211,36.869],[-119.79224,36.87008],[-119.79226,36.87022],[-119.7923,36.87047],[-119.79237,36.87096],[-119.79244,36.87133],[-119.7925,36.87165],[-119.79255,36.87204],[-119.7926,36.87235],[-119.79262,36.87242],[-119.79271,36.87318],[-119.79271,36.87327],[-119.79275,36.87358],[-119.79276,36.87373],[-119.79282,36.87476],[-119.79284,36.87544],[-119.79286,36.87574],[-119.79287,36.87598],[-119.79288,36.87621],[-119.79295,36.8762],[-119.79313,36.87616],[-119.79321,36.87615],[-119.79327,36.87614],[-119.79375,36.87607],[-119.79438,36.87598],[-119.79512,36.87593],[-119.79603,36.87566],[-119.79642,36.87547],[-119.79676,36.87536],[-119.79718,36.87511],[-119.7973,36.87495],[-119.79739,36.87495],[-119.7976,36.87464],[-119.79827,36.87389],[-119.79881,36.87283],[-119.799,36.87239],[-119.79926,36.87191],[-119.79957,36.87117],[-119.79984,36.87052],[-119.80018,36.87005],[-119.80059,36.86962],[-119.80082,36.86913],[-119.80092,36.86892],[-119.80128,36.86861],[-119.80133,36.86854],[-119.80149,36.86832],[-119.80168,36.86806],[-119.80189,36.86765],[-119.80202,36.86742],[-119.80206,36.86734],[-119.80207,36.86726],[-119.8021,36.86699],[-119.80212,36.86692],[-119.80215,36.86677],[-119.80218,36.86669],[-119.80223,36.86636],[-119.80234,36.86611],[-119.80253,36.86593],[-119.80267,36.86583],[-119.80312,36.8656],[-119.80362,36.86541],[-119.80426,36.86529],[-119.8045,36.86533],[-119.8046,36.86533],[-119.80501,36.86509],[-119.80519,36.86499],[-119.80528,36.86494],[-119.80554,36.86479],[-119.80562,36.86474],[-119.80573,36.86468],[-119.80604,36.8645],[-119.80615,36.86444],[-119.8063,36.86439],[-119.80633,36.86438],[-119.80669,36.8643],[-119.80689,36.86425],[-119.80707,36.86421],[-119.80714,36.86419],[-119.80716,36.86419],[-119.80741,36.86409],[-119.80749,36.86406],[-119.80796,36.86388],[-119.808,36.86385],[-119.80889,36.8632],[-119.80931,36.86284],[-119.80964,36.86257],[-119.80969,36.86245],[-119.81006,36.86159],[-119.81007,36.86153],[-119.81025,36.86081],[-119.81091,36.85943],[-119.81134,36.85883],[-119.81136,36.85879],[-119.81173,36.85791],[-119.81179,36.85775],[-119.81178,36.85741],[-119.81173,36.85722],[-119.81174,36.85718],[-119.81172,36.85682],[-119.81171,36.85668],[-119.81181,36.85586],[-119.81191,36.85535],[-119.81211,36.85378],[-119.81211,36.85355],[-119.8121,36.85317],[-119.81252,36.85283],[-119.81252,36.85279],[-119.81246,36.85275],[-119.81244,36.85271],[-119.81242,36.85266],[-119.8125,36.85258],[-119.81277,36.85232],[-119.81359,36.85152],[-119.81363,36.85148],[-119.81362,36.85144],[-119.81368,36.85114],[-119.81366,36.8511],[-119.81366,36.85096],[-119.81369,36.85064],[-119.81373,36.85041],[-119.81375,36.85038],[-119.81383,36.85021],[-119.8139,36.85015],[-119.81403,36.8501],[-119.81429,36.85011],[-119.81442,36.85014],[-119.81466,36.85023],[-119.81467,36.85022],[-119.81486,36.85029],[-119.81495,36.85033],[-119.81517,36.85041],[-119.81518,36.85043],[-119.8152,36.85042],[-119.81528,36.85047],[-119.81531,36.85047],[-119.8155,36.85052],[-119.81552,36.85042],[-119.81572,36.85004],[-119.81578,36.84989],[-119.81582,36.84971],[-119.81585,36.84946],[-119.81601,36.84938],[-119.81621,36.84924],[-119.81635,36.84917],[-119.81643,36.84914],[-119.8165,36.8491],[-119.81668,36.84904],[-119.81689,36.84901],[-119.81695,36.84899],[-119.81706,36.84899],[-119.81735,36.84906],[-119.81781,36.84905],[-119.81801,36.84909],[-119.81822,36.84905],[-119.81874,36.84891],[-119.81899,36.84886],[-119.81909,36.84882],[-119.81923,36.84879],[-119.81949,36.84869],[-119.81989,36.84859],[-119.82065,36.84827],[-119.82106,36.84825],[-119.82136,36.84825],[-119.82302,36.84834],[-119.82342,36.84833],[-119.82374,36.8486],[-119.82429,36.84878],[-119.82509,36.84901],[-119.82579,36.8492],[-119.82618,36.84925],[-119.82638,36.84955],[-119.82649,36.84974],[-119.82659,36.84976],[-119.82713,36.84989],[-119.82761,36.85013],[-119.82819,36.8504],[-119.82871,36.8505],[-119.8291,36.85062],[-119.82931,36.8508],[-119.82978,36.85091],[-119.83,36.85099],[-119.83068,36.85124],[-119.83089,36.85142],[-119.83114,36.85171],[-119.83126,36.85146],[-119.83171,36.85163],[-119.83181,36.85167],[-119.83241,36.85189],[-119.8329,36.85199],[-119.83355,36.85213],[-119.83405,36.85248],[-119.83478,36.85253],[-119.83556,36.85298],[-119.8361,36.85335],[-119.83614,36.85339],[-119.83625,36.85347],[-119.83646,36.85363],[-119.83653,36.85368],[-119.8368,36.85372],[-119.83688,36.85375],[-119.83729,36.85411],[-119.83712,36.85428],[-119.83725,36.85444],[-119.83746,36.85469],[-119.83772,36.85496],[-119.83813,36.85546],[-119.83817,36.85551],[-119.83819,36.8557],[-119.83821,36.8559],[-119.8384,36.85606],[-119.83841,36.85607],[-119.83845,36.85619],[-119.83859,36.85655],[-119.8386,36.85682],[-119.83861,36.85686],[-119.83867,36.85701],[-119.83877,36.85707],[-119.83879,36.85713],[-119.83877,36.85751],[-119.83875,36.85752],[-119.8387,36.85777],[-119.83837,36.8582],[-119.83848,36.85828],[-119.83861,36.85836],[-119.83907,36.85864],[-119.83931,36.85944],[-119.83944,36.85974],[-119.83972,36.86029],[-119.84003,36.86078],[-119.84037,36.86117],[-119.84066,36.86124],[-119.84089,36.8613],[-119.84134,36.86125],[-119.84247,36.86102],[-119.84363,36.86067],[-119.84438,36.86058],[-119.84471,36.86055],[-119.84522,36.86052],[-119.84585,36.86032],[-119.84655,36.86012],[-119.84793,36.85882],[-119.84837,36.85796],[-119.84851,36.85775],[-119.84891,36.85712],[-119.84931,36.85648],[-119.84988,36.85529],[-119.84983,36.85488],[-119.84977,36.85436],[-119.84999,36.85404],[-119.8503,36.8536],[-119.85065,36.85336],[-119.85087,36.85318],[-119.85106,36.85288],[-119.85256,36.85183],[-119.85318,36.85158],[-119.85387,36.85141],[-119.85491,36.85138],[-119.8557,36.85164],[-119.85685,36.85218],[-119.85689,36.85205],[-119.85855,36.85404],[-119.85882,36.85342],[-119.8591,36.85358],[-119.86089,36.85454],[-119.86204,36.8542],[-119.86281,36.85362],[-119.86484,36.85148],[-119.86586,36.85113],[-119.86589,36.85167],[-119.86617,36.85218],[-119.86674,36.85199],[-119.86718,36.85185],[-119.86791,36.85225],[-119.86876,36.85241],[-119.86933,36.85236],[-119.86996,36.85224],[-119.87062,36.85223],[-119.87111,36.85258],[-119.87154,36.85279],[-119.87246,36.85323],[-119.87501,36.85426],[-119.87503,36.85388]]]},"properties":{"ZCTA5":"93711"}},{"type":"Feature","geometry":{"type":"Polygon","coordinates":[[[-119.79257,36.81208],[-119.79265,36.80957],[-119.79042,36.80951],[-119.79042,36.80921],[-119.79042,36.80897],[-119.79043,36.8085],[-119.78988,36.8085],[-119.78822,36.80851],[-119.78767,36.80851],[-119.78763,36.80851],[-119.78759,36.80851],[-119.78758,36.80851],[-119.7874,36.80852],[-119.78688,36.80853],[-119.78671,36.80854],[-119.78657,36.80853],[-119.78617,36.80853],[-119.78604,36.80852],[-119.78591,36.80852],[-119.78553,36.80852],[-119.78545,36.80852],[-119.78541,36.80852],[-119.78526,36.80852],[-119.7851,36.80852],[-119.78502,36.80852],[-119.78483,36.80853],[-119.78469,36.80853],[-119.7845,36.80853],[-119.78395,36.80853],[-119.78377,36.80853],[-119.78359,36.80853],[-119.78351,36.80853],[-119.78348,36.80772],[-119.78336,36.80777],[-119.7829,36.80778],[-119.78291,36.8068],[-119.78135,36.80681],[-119.78135,36.8065],[-119.78135,36.80645],[-119.78135,36.80638],[-119.78135,36.80624],[-119.78135,36.8058],[-119.78135,36.80565],[-119.78135,36.80553],[-119.78135,36.80518],[-119.77907,36.80519],[-119.77894,36.80519],[-119.77761,36.80521],[-119.77362,36.80527],[-119.7723,36.80529],[-119.77229,36.80558],[-119.77229,36.80619],[-119.77228,36.80643],[-119.77228,36.80671],[-119.77206,36.80671],[-119.7719,36.80671],[-119.77183,36.80671],[-119.77049,36.80671],[-119.77005,36.80671],[-119.77004,36.80687],[-119.77004,36.80705],[-119.77003,36.80736],[-119.77003,36.80752],[-119.77003,36.80773],[-119.77002,36.80794],[-119.76923,36.80795],[-119.76887,36.80795],[-119.76549,36.80795],[-119.76549,36.80836],[-119.76549,36.80858],[-119.76527,36.80858],[-119.76504,36.80858],[-119.76425,36.80858],[-119.76367,36.80858],[-119.76322,36.80858],[-119.76307,36.80858],[-119.763,36.80858],[-119.76233,36.80858],[-119.7621,36.80859],[-119.7621,36.80852],[-119.7621,36.80838],[-119.76211,36.80773],[-119.76212,36.80752],[-119.76212,36.80747],[-119.76194,36.80747],[-119.76112,36.80748],[-119.76096,36.80747],[-119.75978,36.80744],[-119.75977,36.80805],[-119.75976,36.80829],[-119.75977,36.80859],[-119.75959,36.8086],[-119.75956,36.8086],[-119.75893,36.8086],[-119.75872,36.8086],[-119.75871,36.80853],[-119.75869,36.80832],[-119.75868,36.80816],[-119.75868,36.80802],[-119.75842,36.80754],[-119.75837,36.80746],[-119.75834,36.80744],[-119.75807,36.80746],[-119.75726,36.80746],[-119.75705,36.80771],[-119.75599,36.8077],[-119.75599,36.80754],[-119.75447,36.80755],[-119.7542,36.80769],[-119.75419,36.80787],[-119.75418,36.80818],[-119.75374,36.80818],[-119.75374,36.80844],[-119.75328,36.80844],[-119.75328,36.80814],[-119.7529,36.80814],[-119.7529,36.80807],[-119.75246,36.80808],[-119.75205,36.80808],[-119.75193,36.80811],[-119.75063,36.80811],[-119.74969,36.80815],[-119.74747,36.80809],[-119.74748,36.80768],[-119.747,36.80768],[-119.74699,36.80811],[-119.74658,36.8081],[-119.74658,36.80817],[-119.74606,36.80816],[-119.74606,36.80767],[-119.7452,36.80767],[-119.74522,36.80855],[-119.74746,36.80857],[-119.74969,36.80859],[-119.75014,36.80859],[-119.75055,36.80859],[-119.75141,36.8086],[-119.75148,36.8086],[-119.75193,36.80859],[-119.75237,36.80859],[-119.75372,36.80859],[-119.75417,36.80859],[-119.75416,36.80908],[-119.75416,36.81055],[-119.75416,36.81104],[-119.75416,36.81128],[-119.75415,36.81201],[-119.75415,36.81225],[-119.75416,36.81297],[-119.75416,36.81514],[-119.75417,36.81586],[-119.75416,36.81677],[-119.75416,36.81936],[-119.75415,36.8195],[-119.75415,36.82041],[-119.75415,36.82095],[-119.75413,36.82257],[-119.75413,36.82298],[-119.75412,36.82312],[-119.75395,36.82311],[-119.75225,36.82312],[-119.75207,36.82313],[-119.74933,36.82313],[-119.74769,36.82311],[-119.74665,36.82311],[-119.74478,36.8231],[-119.74302,36.8231],[-119.73776,36.82308],[-119.73616,36.82308],[-119.73601,36.82307],[-119.736,36.82295],[-119.73603,36.82162],[-119.73612,36.81726],[-119.73614,36.8158],[-119.73704,36.81581],[-119.73722,36.81581],[-119.73827,36.81581],[-119.73972,36.81581],[-119.74062,36.81582],[-119.74092,36.81582],[-119.74096,36.81582],[-119.74095,36.81487],[-119.74092,36.81474],[-119.74089,36.81467],[-119.74081,36.81447],[-119.74074,36.81422],[-119.74075,36.81391],[-119.74077,36.80855],[-119.74074,36.80855],[-119.74052,36.80855],[-119.73863,36.80854],[-119.73639,36.80855],[-119.73628,36.80854],[-119.7356,36.80854],[-119.73499,36.80855],[-119.7347,36.80854],[-119.73387,36.80854],[-119.73374,36.80854],[-119.73364,36.80854],[-119.73342,36.80854],[-119.73332,36.80854],[-119.73253,36.80934],[-119.73207,36.80982],[-119.73135,36.81053],[-119.73038,36.81146],[-119.72973,36.81205],[-119.72968,36.8121],[-119.72947,36.81229],[-119.72938,36.81237],[-119.72745,36.81408],[-119.7273,36.8142],[-119.7273,36.81433],[-119.72731,36.8144],[-119.7273,36.81453],[-119.72732,36.81476],[-119.72731,36.81507],[-119.7273,36.81562],[-119.72729,36.81576],[-119.72727,36.81631],[-119.72719,36.81897],[-119.72718,36.81942],[-119.72719,36.81956],[-119.7272,36.81971],[-119.72722,36.81992],[-119.7273,36.8202],[-119.72743,36.82056],[-119.72759,36.82086],[-119.72781,36.82118],[-119.72834,36.82184],[-119.7285,36.82204],[-119.72865,36.82227],[-119.72879,36.8225],[-119.72881,36.82253],[-119.72893,36.82276],[-119.72901,36.82295],[-119.72905,36.82303],[-119.72911,36.82316],[-119.72912,36.82321],[-119.72918,36.82339],[-119.72924,36.82359],[-119.72931,36.82387],[-119.72932,36.82396],[-119.72935,36.82416],[-119.72937,36.82444],[-119.72938,36.82458],[-119.72939,36.82575],[-119.72939,36.82584],[-119.7294,36.82626],[-119.7294,36.82642],[-119.72941,36.82666],[-119.72941,36.82693],[-119.72941,36.82709],[-119.72945,36.83028],[-119.72945,36.83078],[-119.72946,36.83113],[-119.72952,36.83245],[-119.72953,36.83258],[-119.72955,36.8327],[-119.72956,36.83351],[-119.72955,36.834],[-119.72956,36.83429],[-119.72955,36.83472],[-119.72954,36.83572],[-119.72954,36.83687],[-119.72955,36.83731],[-119.72955,36.83759],[-119.72987,36.83759],[-119.73086,36.83759],[-119.73416,36.8376],[-119.7348,36.8376],[-119.73612,36.8376],[-119.73625,36.83761],[-119.73664,36.83761],[-119.73674,36.83761],[-119.73677,36.83761],[-119.73696,36.83761],[-119.73753,36.83761],[-119.73772,36.83761],[-119.73787,36.83761],[-119.73804,36.83761],[-119.73833,36.83761],[-119.73848,36.83761],[-119.73852,36.83761],[-119.73863,36.83761],[-119.73867,36.83761],[-119.73883,36.83761],[-119.7393,36.83761],[-119.73946,36.83761],[-119.7406,36.8376],[-119.74402,36.83759],[-119.74515,36.83759],[-119.74555,36.83758],[-119.74567,36.83758],[-119.74589,36.83758],[-119.74724,36.83755],[-119.74752,36.83755],[-119.7477,36.83754],[-119.74776,36.83754],[-119.7481,36.83752],[-119.74904,36.83747],[-119.75026,36.8374],[-119.75096,36.83736],[-119.75175,36.83735],[-119.75288,36.83734],[-119.7534,36.83734],[-119.75413,36.83735],[-119.75416,36.83735],[-119.75417,36.83754],[-119.75453,36.83752],[-119.75673,36.83733],[-119.75904,36.83733],[-119.75986,36.83732],[-119.76233,36.83731],[-119.76315,36.83731],[-119.76334,36.83731],[-119.76333,36.83706],[-119.76335,36.83699],[-119.76339,36.83695],[-119.76344,36.83692],[-119.76351,36.8369],[-119.76361,36.83692],[-119.76371,36.83694],[-119.76391,36.837],[-119.76416,36.83707],[-119.76436,36.83707],[-119.76471,36.83707],[-119.76727,36.83702],[-119.76727,36.83665],[-119.76739,36.83644],[-119.76748,36.8363],[-119.76758,36.83619],[-119.76768,36.83613],[-119.7679,36.83611],[-119.76827,36.83612],[-119.76861,36.83618],[-119.76888,36.8362],[-119.76906,36.8362],[-119.76967,36.8362],[-119.77018,36.8362],[-119.77025,36.8362],[-119.77171,36.8362],[-119.77222,36.8362],[-119.77222,36.83642],[-119.77222,36.83707],[-119.77222,36.8371],[-119.7722,36.83729],[-119.77271,36.83729],[-119.77423,36.83728],[-119.77474,36.83728],[-119.77476,36.83728],[-119.77483,36.83728],[-119.77486,36.83728],[-119.77529,36.83728],[-119.77661,36.83728],[-119.77705,36.83728],[-119.77749,36.8373],[-119.77881,36.83734],[-119.77926,36.83735],[-119.77965,36.83737],[-119.78082,36.83743],[-119.78121,36.83745],[-119.78162,36.83745],[-119.78286,36.83745],[-119.78327,36.83745],[-119.78357,36.83744],[-119.78419,36.83743],[-119.78468,36.83747],[-119.78475,36.83748],[-119.78478,36.83748],[-119.78487,36.83748],[-119.7852,36.83749],[-119.78528,36.83749],[-119.78537,36.83749],[-119.78635,36.83744],[-119.78641,36.83744],[-119.78688,36.83744],[-119.78732,36.83744],[-119.78736,36.83743],[-119.78792,36.83743],[-119.79023,36.83725],[-119.79035,36.83725],[-119.79057,36.83724],[-119.79147,36.83722],[-119.79149,36.83378],[-119.79149,36.83352],[-119.79149,36.83177],[-119.7915,36.83025],[-119.7915,36.83013],[-119.79151,36.82948],[-119.79152,36.82773],[-119.79153,36.82661],[-119.79143,36.82651],[-119.79143,36.82643],[-119.79144,36.82619],[-119.79144,36.82615],[-119.7909,36.82616],[-119.79092,36.82503],[-119.79133,36.82503],[-119.79145,36.82502],[-119.79145,36.82513],[-119.79145,36.82517],[-119.79145,36.82527],[-119.79145,36.82531],[-119.79257,36.82531],[-119.79257,36.8251],[-119.79259,36.82344],[-119.7926,36.82289],[-119.79238,36.82289],[-119.79171,36.8229],[-119.79148,36.82291],[-119.79128,36.82291],[-119.79095,36.82292],[-119.79068,36.82292],[-119.79056,36.82292],[-119.79049,36.82292],[-119.79046,36.82292],[-119.79038,36.82292],[-119.79035,36.82292],[-119.79035,36.82221],[-119.79036,36.82008],[-119.79037,36.81937],[-119.79037,36.81863],[-119.79038,36.81644],[-119.79039,36.81571],[-119.79057,36.8157],[-119.79106,36.8157],[-119.79262,36.8157],[-119.79262,36.81561],[-119.79257,36.81208]]]},"properties":{"ZCTA5":"93710"}},{"type":"Feature","geometry":{"type":"Polygon","coordinates":[[[-119.85286,36.78823],[-119.85293,36.7882],[-119.85007,36.78567],[-119.84985,36.78547],[-119.84699,36.78284],[-119.84645,36.78208],[-119.84425,36.77952],[-119.84154,36.77637],[-119.84106,36.77581],[-119.83869,36.77339],[-119.83837,36.77309],[-119.8374,36.77219],[-119.83735,36.77216],[-119.83707,36.77189],[-119.8374,36.77189],[-119.83748,36.77189],[-119.83761,36.7719],[-119.8379,36.7719],[-119.83795,36.7719],[-119.83839,36.77189],[-119.83857,36.77189],[-119.83882,36.77189],[-119.83929,36.77189],[-119.8404,36.77189],[-119.84177,36.77196],[-119.84228,36.77195],[-119.84381,36.77194],[-119.84393,36.77194],[-119.84432,36.77196],[-119.84431,36.77143],[-119.84428,36.77014],[-119.84216,36.77014],[-119.84216,36.7683],[-119.84058,36.76831],[-119.84047,36.76835],[-119.84003,36.76832],[-119.83998,36.76654],[-119.83881,36.7665],[-119.83849,36.76651],[-119.8385,36.76607],[-119.83862,36.76608],[-119.83862,36.76595],[-119.83863,36.76552],[-119.83787,36.76555],[-119.83788,36.76514],[-119.83775,36.76514],[-119.83743,36.76513],[-119.83743,36.76522],[-119.83724,36.76521],[-119.83725,36.76509],[-119.83662,36.76511],[-119.83662,36.76491],[-119.83662,36.76467],[-119.8364,36.76467],[-119.83574,36.76467],[-119.83552,36.76468],[-119.83541,36.76468],[-119.83507,36.76468],[-119.83496,36.76469],[-119.83483,36.76469],[-119.83442,36.76469],[-119.83429,36.76469],[-119.83414,36.76469],[-119.83403,36.7647],[-119.83371,36.76469],[-119.83356,36.76469],[-119.83278,36.76469],[-119.83174,36.76469],[-119.83042,36.7647],[-119.82964,36.7647],[-119.82955,36.76469],[-119.82944,36.76468],[-119.82928,36.76469],[-119.8292,36.76469],[-119.8291,36.76469],[-119.82908,36.76469],[-119.82883,36.76469],[-119.82874,36.76469],[-119.82862,36.76469],[-119.82671,36.7647],[-119.8257,36.7647],[-119.82571,36.76494],[-119.8257,36.76517],[-119.8257,36.76523],[-119.82464,36.76525],[-119.82401,36.76525],[-119.82393,36.76525],[-119.82384,36.76525],[-119.82226,36.76527],[-119.82218,36.76527],[-119.82218,36.76522],[-119.82218,36.76517],[-119.82218,36.76493],[-119.82218,36.76491],[-119.82219,36.76473],[-119.82196,36.76474],[-119.82127,36.76474],[-119.82104,36.76475],[-119.82082,36.76475],[-119.82014,36.76475],[-119.81991,36.76476],[-119.81969,36.76476],[-119.81901,36.76478],[-119.81878,36.76478],[-119.81855,36.76478],[-119.81787,36.76479],[-119.81764,36.76479],[-119.81742,36.76479],[-119.81675,36.76479],[-119.81652,36.76479],[-119.8163,36.76479],[-119.81561,36.7648],[-119.81538,36.76481],[-119.81516,36.76481],[-119.81448,36.76482],[-119.81425,36.76482],[-119.81402,36.76482],[-119.81368,36.76482],[-119.81366,36.76669],[-119.81368,36.76847],[-119.81369,36.77025],[-119.81364,36.77033],[-119.81363,36.77087],[-119.81322,36.77088],[-119.81311,36.77088],[-119.81311,36.771],[-119.81311,36.77118],[-119.81311,36.77137],[-119.81311,36.77191],[-119.8131,36.7721],[-119.81333,36.7721],[-119.81366,36.77209],[-119.81365,36.77308],[-119.81365,36.77389],[-119.81365,36.77397],[-119.81365,36.77405],[-119.81363,36.77567],[-119.81365,36.77575],[-119.81367,36.77583],[-119.81366,36.77753],[-119.81333,36.77754],[-119.8131,36.77754],[-119.8131,36.77779],[-119.8132,36.77778],[-119.81366,36.77778],[-119.81366,36.77814],[-119.81366,36.77899],[-119.8131,36.77903],[-119.8131,36.77941],[-119.81309,36.7799],[-119.81341,36.7799],[-119.81341,36.7803],[-119.81341,36.78038],[-119.81341,36.78112],[-119.81343,36.7812],[-119.81345,36.78128],[-119.81346,36.78211],[-119.81346,36.78219],[-119.81345,36.78302],[-119.81345,36.78347],[-119.8134,36.78347],[-119.81339,36.78391],[-119.81307,36.78392],[-119.81307,36.7841],[-119.81307,36.78464],[-119.81306,36.78482],[-119.81306,36.78501],[-119.81304,36.78556],[-119.81304,36.78574],[-119.81305,36.78593],[-119.81307,36.78647],[-119.81307,36.78665],[-119.81319,36.78678],[-119.81319,36.78714],[-119.8136,36.78715],[-119.81361,36.78748],[-119.81319,36.78748],[-119.81313,36.78774],[-119.81308,36.7878],[-119.81301,36.78787],[-119.81286,36.78811],[-119.81278,36.78832],[-119.81271,36.78828],[-119.81264,36.78824],[-119.81256,36.7882],[-119.81252,36.78818],[-119.81249,36.78816],[-119.81248,36.78816],[-119.81237,36.78811],[-119.81233,36.7881],[-119.81215,36.788],[-119.81211,36.78798],[-119.812,36.78792],[-119.81186,36.78784],[-119.81164,36.78772],[-119.81137,36.78759],[-119.8113,36.78755],[-119.81115,36.78747],[-119.81112,36.78745],[-119.81099,36.78739],[-119.81093,36.78735],[-119.81088,36.78734],[-119.8107,36.78724],[-119.81063,36.7872],[-119.81048,36.78713],[-119.8104,36.78708],[-119.81029,36.78703],[-119.81021,36.787],[-119.81014,36.78696],[-119.80986,36.78685],[-119.80977,36.78683],[-119.8097,36.7868],[-119.80966,36.78679],[-119.80949,36.78673],[-119.8094,36.78671],[-119.80914,36.78669],[-119.80896,36.7867],[-119.80882,36.78669],[-119.80878,36.78668],[-119.80874,36.78669],[-119.80869,36.78669],[-119.80865,36.78668],[-119.80863,36.78669],[-119.80862,36.78673],[-119.80862,36.78674],[-119.80862,36.78684],[-119.80862,36.78688],[-119.80862,36.78702],[-119.80861,36.78726],[-119.80861,36.78745],[-119.80861,36.78759],[-119.80886,36.78759],[-119.80912,36.78769],[-119.80932,36.78785],[-119.80988,36.78826],[-119.81027,36.7885],[-119.81049,36.78863],[-119.81225,36.78979],[-119.81284,36.79016],[-119.81298,36.79025],[-119.81304,36.79032],[-119.81305,36.79042],[-119.81306,36.79084],[-119.81305,36.79099],[-119.81305,36.7917],[-119.81305,36.79173],[-119.81304,36.79181],[-119.81304,36.79183],[-119.81304,36.79195],[-119.81304,36.79205],[-119.81304,36.79228],[-119.81304,36.79239],[-119.81303,36.79254],[-119.81302,36.79298],[-119.81302,36.79313],[-119.81301,36.79379],[-119.81301,36.79388],[-119.81364,36.79388],[-119.81364,36.79429],[-119.81414,36.79429],[-119.81413,36.79527],[-119.81356,36.79528],[-119.81356,36.79561],[-119.81359,36.79568],[-119.81363,36.79577],[-119.81363,36.7961],[-119.81413,36.7961],[-119.81412,36.79708],[-119.81362,36.79709],[-119.81361,36.79749],[-119.81361,36.79791],[-119.81412,36.79791],[-119.81411,36.79889],[-119.81368,36.7989],[-119.81368,36.79923],[-119.81364,36.79931],[-119.8136,36.79939],[-119.8136,36.79972],[-119.81412,36.79972],[-119.81411,36.8007],[-119.8136,36.8007],[-119.8136,36.80103],[-119.81349,36.80104],[-119.81349,36.80111],[-119.81349,36.80139],[-119.81348,36.80154],[-119.81394,36.80153],[-119.8141,36.80153],[-119.81408,36.80432],[-119.81396,36.80432],[-119.81295,36.80432],[-119.81295,36.80458],[-119.81295,36.80473],[-119.81294,36.80499],[-119.8136,36.80498],[-119.8136,36.80522],[-119.81408,36.80522],[-119.81408,36.80655],[-119.81408,36.80725],[-119.81477,36.80722],[-119.81477,36.8075],[-119.8151,36.8075],[-119.81518,36.8075],[-119.81518,36.80742],[-119.81519,36.80718],[-119.81539,36.80719],[-119.81602,36.8072],[-119.81618,36.8072],[-119.81622,36.80719],[-119.81627,36.80713],[-119.81628,36.80709],[-119.8163,36.80702],[-119.81631,36.80674],[-119.81632,36.80662],[-119.81632,36.80658],[-119.8166,36.80658],[-119.81678,36.80658],[-119.8168,36.80658],[-119.81689,36.80658],[-119.81729,36.80655],[-119.81746,36.80654],[-119.81746,36.80671],[-119.81744,36.80722],[-119.81743,36.80739],[-119.81743,36.8074],[-119.81743,36.80744],[-119.81743,36.80745],[-119.81742,36.80763],[-119.81742,36.80781],[-119.81787,36.8078],[-119.8199,36.80778],[-119.82002,36.80778],[-119.8218,36.80777],[-119.8219,36.80779],[-119.82201,36.80781],[-119.82415,36.8078],[-119.82425,36.8078],[-119.82621,36.80779],[-119.82639,36.80779],[-119.82639,36.80755],[-119.82639,36.80737],[-119.82639,36.80729],[-119.82638,36.80703],[-119.82638,36.80695],[-119.82661,36.80695],[-119.82715,36.80695],[-119.82947,36.80695],[-119.83015,36.80694],[-119.83023,36.80699],[-119.83025,36.80705],[-119.83025,36.80724],[-119.83026,36.8077],[-119.8309,36.8077],[-119.8309,36.8069],[-119.83264,36.80693],[-119.83264,36.80659],[-119.83289,36.80659],[-119.83363,36.80657],[-119.83388,36.80657],[-119.83418,36.80656],[-119.8347,36.80655],[-119.83507,36.80655],[-119.83528,36.80655],[-119.83536,36.80657],[-119.83558,36.8064],[-119.8358,36.80628],[-119.83602,36.80624],[-119.83621,36.80623],[-119.83642,36.80631],[-119.83666,36.80641],[-119.83726,36.80684],[-119.83745,36.80697],[-119.83753,36.80703],[-119.83754,36.80711],[-119.83756,36.80738],[-119.83755,36.80797],[-119.8377,36.808],[-119.8381,36.80805],[-119.83849,36.80809],[-119.83882,36.80808],[-119.83925,36.80805],[-119.84012,36.80796],[-119.84023,36.80796],[-119.84032,36.80795],[-119.84041,36.80797],[-119.8405,36.808],[-119.84064,36.80809],[-119.84081,36.80823],[-119.84086,36.80823],[-119.84102,36.80823],[-119.84108,36.80823],[-119.84121,36.80823],[-119.84146,36.80823],[-119.84259,36.80827],[-119.84297,36.80828],[-119.84326,36.80829],[-119.84335,36.80829],[-119.84414,36.80829],[-119.84443,36.80829],[-119.84443,36.808],[-119.84443,36.80785],[-119.8444,36.80713],[-119.84439,36.80684],[-119.84439,36.80675],[-119.84438,36.80663],[-119.84438,36.80648],[-119.84438,36.80639],[-119.84437,36.80624],[-119.84437,36.80619],[-119.84437,36.80582],[-119.84436,36.80567],[-119.84436,36.80553],[-119.84435,36.8051],[-119.84435,36.80495],[-119.84435,36.80481],[-119.84435,36.80438],[-119.84435,36.80424],[-119.84435,36.8041],[-119.84435,36.80367],[-119.84435,36.80353],[-119.84435,36.80281],[-119.84433,36.801],[-119.84433,36.80075],[-119.84433,36.80066],[-119.84433,36.80054],[-119.84432,36.80023],[-119.84432,36.80022],[-119.84432,36.80018],[-119.84432,36.80017],[-119.84432,36.8001],[-119.84432,36.7999],[-119.84432,36.79983],[-119.84432,36.79977],[-119.84431,36.79958],[-119.84431,36.79951],[-119.84431,36.7993],[-119.8443,36.79877],[-119.8443,36.79865],[-119.8443,36.79843],[-119.8443,36.79836],[-119.8443,36.79815],[-119.8443,36.79808],[-119.8443,36.79781],[-119.84429,36.79699],[-119.84428,36.79671],[-119.84428,36.79665],[-119.84428,36.79647],[-119.84428,36.79641],[-119.84428,36.79607],[-119.84428,36.79511],[-119.84428,36.79504],[-119.84428,36.7947],[-119.84428,36.7945],[-119.84428,36.794],[-119.84427,36.79391],[-119.84427,36.79372],[-119.84427,36.79343],[-119.84429,36.79257],[-119.8443,36.79228],[-119.84429,36.79213],[-119.84428,36.79169],[-119.84428,36.79154],[-119.84428,36.7914],[-119.84429,36.79096],[-119.8443,36.79082],[-119.8443,36.79074],[-119.8443,36.79061],[-119.8443,36.79053],[-119.8443,36.79051],[-119.84431,36.79043],[-119.84431,36.79027],[-119.84431,36.79007],[-119.84375,36.79008],[-119.84376,36.78854],[-119.8442,36.78853],[-119.8442,36.78836],[-119.8443,36.78828],[-119.84424,36.78827],[-119.84409,36.78827],[-119.84377,36.78828],[-119.84377,36.78758],[-119.84369,36.78758],[-119.8437,36.78656],[-119.84342,36.78656],[-119.84342,36.78646],[-119.84377,36.78646],[-119.84409,36.78645],[-119.84432,36.78645],[-119.84432,36.78597],[-119.84433,36.78545],[-119.84436,36.78242],[-119.84436,36.78164],[-119.84437,36.78141],[-119.84887,36.78547],[-119.8499,36.78644],[-119.8509,36.78733],[-119.851,36.78743],[-119.85112,36.78753],[-119.85215,36.78847],[-119.85216,36.78847],[-119.85226,36.78844],[-119.85233,36.7884],[-119.85254,36.78835],[-119.85278,36.78826],[-119.85282,36.78826],[-119.85286,36.78823]]]},"properties":{"ZCTA5":"93705"}},{"type":"Feature","geometry":{"type":"Polygon","coordinates":[[[-119.84429,36.75709],[-119.84429,36.75654],[-119.84428,36.75598],[-119.84428,36.75561],[-119.84416,36.75561],[-119.84384,36.75561],[-119.84361,36.75561],[-119.84333,36.75561],[-119.84331,36.75379],[-119.84253,36.75379],[-119.84242,36.75379],[-119.84209,36.75381],[-119.84209,36.75308],[-119.84208,36.75089],[-119.84208,36.7505],[-119.84207,36.75025],[-119.84205,36.75016],[-119.8423,36.75016],[-119.84299,36.75016],[-119.84303,36.75016],[-119.8432,36.75015],[-119.84326,36.74642],[-119.84286,36.74642],[-119.84178,36.74642],[-119.84165,36.74642],[-119.84151,36.74642],[-119.84125,36.74642],[-119.84108,36.74642],[-119.84011,36.74641],[-119.83951,36.7464],[-119.83786,36.7464],[-119.83668,36.74641],[-119.83554,36.74641],[-119.83554,36.7466],[-119.83556,36.74845],[-119.83556,36.74919],[-119.83556,36.75025],[-119.83339,36.75023],[-119.83111,36.75023],[-119.82796,36.75023],[-119.82758,36.75024],[-119.82689,36.75025],[-119.82679,36.75025],[-119.8266,36.75024],[-119.82576,36.75025],[-119.82554,36.75025],[-119.82545,36.75025],[-119.82508,36.75026],[-119.82503,36.75026],[-119.82487,36.75027],[-119.82481,36.75027],[-119.82423,36.75027],[-119.82323,36.75025],[-119.82301,36.75025],[-119.82233,36.75025],[-119.82211,36.75025],[-119.82188,36.75025],[-119.82118,36.75026],[-119.82095,36.75026],[-119.82095,36.7499],[-119.82096,36.74882],[-119.82097,36.74846],[-119.82074,36.74846],[-119.8204,36.74846],[-119.8204,36.74855],[-119.82042,36.74981],[-119.81985,36.74981],[-119.81975,36.74981],[-119.81974,36.74965],[-119.8188,36.74966],[-119.8188,36.74958],[-119.81872,36.74958],[-119.81829,36.74958],[-119.81829,36.7496],[-119.8176,36.7496],[-119.8176,36.74995],[-119.81704,36.74996],[-119.81704,36.74992],[-119.81681,36.74991],[-119.81681,36.74959],[-119.8168,36.74904],[-119.81646,36.74904],[-119.81646,36.74848],[-119.8154,36.74849],[-119.8154,36.74863],[-119.81542,36.75006],[-119.81533,36.75005],[-119.81513,36.75008],[-119.81491,36.74978],[-119.81481,36.74964],[-119.81477,36.74955],[-119.81472,36.74852],[-119.81306,36.74854],[-119.81307,36.74899],[-119.81309,36.74963],[-119.81317,36.7498],[-119.81329,36.74993],[-119.81347,36.75007],[-119.81356,36.75013],[-119.81395,36.75035],[-119.81385,36.75035],[-119.81355,36.75036],[-119.81346,36.75037],[-119.81341,36.75037],[-119.81339,36.75037],[-119.81319,36.75037],[-119.81313,36.75037],[-119.81293,36.75038],[-119.81281,36.75038],[-119.8124,36.75037],[-119.81235,36.75037],[-119.81215,36.75035],[-119.81211,36.75035],[-119.81198,36.75034],[-119.81194,36.75034],[-119.81195,36.75048],[-119.81195,36.75071],[-119.81195,36.7508],[-119.81093,36.75082],[-119.81083,36.7508],[-119.81073,36.75077],[-119.8097,36.7508],[-119.80959,36.7508],[-119.8087,36.75082],[-119.80853,36.75084],[-119.80841,36.75086],[-119.80755,36.75087],[-119.80755,36.75069],[-119.80744,36.75069],[-119.80734,36.75069],[-119.80713,36.75069],[-119.80713,36.75087],[-119.80634,36.75087],[-119.80622,36.75087],[-119.80571,36.75087],[-119.80571,36.75096],[-119.80519,36.75096],[-119.80519,36.75075],[-119.80519,36.75039],[-119.80502,36.75039],[-119.80452,36.75039],[-119.80436,36.75039],[-119.80405,36.75038],[-119.80405,36.75091],[-119.80395,36.75091],[-119.80283,36.75094],[-119.80273,36.75095],[-119.80267,36.75096],[-119.80261,36.75096],[-119.80255,36.75096],[-119.80248,36.75096],[-119.80241,36.75096],[-119.80234,36.75096],[-119.80226,36.75097],[-119.8022,36.75097],[-119.80213,36.75097],[-119.80206,36.75097],[-119.802,36.75097],[-119.80194,36.75097],[-119.80188,36.75098],[-119.80182,36.75098],[-119.80176,36.75097],[-119.80169,36.75097],[-119.80158,36.75098],[-119.80157,36.7504],[-119.80141,36.7504],[-119.80119,36.7504],[-119.80035,36.7504],[-119.79963,36.75041],[-119.79889,36.75042],[-119.79865,36.75042],[-119.79793,36.75041],[-119.79769,36.75041],[-119.79763,36.75041],[-119.79746,36.75041],[-119.79741,36.75041],[-119.79733,36.75041],[-119.79711,36.75042],[-119.79708,36.75042],[-119.79704,36.75042],[-119.79668,36.75042],[-119.79659,36.75042],[-119.79622,36.75043],[-119.79608,36.75044],[-119.79582,36.75044],[-119.79546,36.75044],[-119.79525,36.75044],[-119.79481,36.75042],[-119.79486,36.75051],[-119.79488,36.75054],[-119.79495,36.75067],[-119.79501,36.7508],[-119.79446,36.75096],[-119.79377,36.75114],[-119.79296,36.75132],[-119.79054,36.75182],[-119.79054,36.752],[-119.79053,36.75209],[-119.79054,36.75227],[-119.79053,36.75244],[-119.79053,36.75245],[-119.79054,36.75247],[-119.79053,36.75302],[-119.79053,36.75307],[-119.79053,36.7531],[-119.79053,36.75321],[-119.79053,36.75327],[-119.79053,36.75345],[-119.79053,36.75351],[-119.79053,36.75362],[-119.79053,36.75395],[-119.79054,36.75407],[-119.79098,36.75406],[-119.79233,36.75406],[-119.79279,36.75406],[-119.79279,36.75424],[-119.79279,36.75481],[-119.7928,36.755],[-119.79279,36.75589],[-119.79054,36.7559],[-119.79054,36.75599],[-119.79053,36.75626],[-119.79053,36.75635],[-119.79055,36.75675],[-119.79055,36.75724],[-119.79054,36.75748],[-119.79054,36.7577],[-119.79056,36.75863],[-119.79054,36.75955],[-119.79054,36.76137],[-119.79171,36.76135],[-119.7917,36.76192],[-119.79111,36.76193],[-119.79111,36.76213],[-119.79115,36.76213],[-119.79115,36.76239],[-119.79115,36.76248],[-119.7914,36.76247],[-119.79139,36.7628],[-119.79152,36.7628],[-119.79152,36.76311],[-119.79151,36.76318],[-119.79151,36.76327],[-119.79169,36.76326],[-119.79169,36.76505],[-119.79206,36.76505],[-119.79224,36.76506],[-119.79246,36.76505],[-119.7928,36.76505],[-119.79313,36.76504],[-119.79335,36.76504],[-119.79358,36.76504],[-119.79426,36.76504],[-119.79448,36.76504],[-119.79493,36.76504],[-119.79629,36.76503],[-119.79674,36.76502],[-119.79697,36.76502],[-119.79765,36.76502],[-119.79787,36.76502],[-119.79809,36.76501],[-119.79875,36.765],[-119.79897,36.76499],[-119.79909,36.76499],[-119.79945,36.76499],[-119.79957,36.76499],[-119.79957,36.76516],[-119.79956,36.76542],[-119.80067,36.76542],[-119.80068,36.76497],[-119.80076,36.76497],[-119.80106,36.76497],[-119.80141,36.76496],[-119.80144,36.76541],[-119.80206,36.76541],[-119.80409,36.76519],[-119.80409,36.76514],[-119.80409,36.76504],[-119.80409,36.76496],[-119.80418,36.76496],[-119.80447,36.76497],[-119.80457,36.76497],[-119.80484,36.76497],[-119.80565,36.76497],[-119.80592,36.76496],[-119.80611,36.76496],[-119.80668,36.76496],[-119.80688,36.76496],[-119.80709,36.76495],[-119.80774,36.76493],[-119.80795,36.76492],[-119.80808,36.76492],[-119.80846,36.76491],[-119.80859,36.7649],[-119.80971,36.76488],[-119.81085,36.76487],[-119.81108,36.76486],[-119.81176,36.76485],[-119.81199,36.76485],[-119.81221,36.76484],[-119.81289,36.76484],[-119.81296,36.76484],[-119.81311,36.76483],[-119.81334,36.76483],[-119.81368,36.76482],[-119.81402,36.76482],[-119.81425,36.76482],[-119.81448,36.76482],[-119.81516,36.76481],[-119.81538,36.76481],[-119.81561,36.7648],[-119.8163,36.76479],[-119.81652,36.76479],[-119.81675,36.76479],[-119.81742,36.76479],[-119.81764,36.76479],[-119.81787,36.76479],[-119.81855,36.76478],[-119.81878,36.76478],[-119.81901,36.76478],[-119.81969,36.76476],[-119.81991,36.76476],[-119.82014,36.76475],[-119.82082,36.76475],[-119.82104,36.76475],[-119.82127,36.76474],[-119.82196,36.76474],[-119.82219,36.76473],[-119.82218,36.76491],[-119.82218,36.76493],[-119.82218,36.76517],[-119.82218,36.76522],[-119.82218,36.76527],[-119.82226,36.76527],[-119.82384,36.76525],[-119.82393,36.76525],[-119.82401,36.76525],[-119.82464,36.76525],[-119.8257,36.76523],[-119.8257,36.76517],[-119.82571,36.76494],[-119.8257,36.7647],[-119.82671,36.7647],[-119.82862,36.76469],[-119.82874,36.76469],[-119.82883,36.76469],[-119.82908,36.76469],[-119.8291,36.76469],[-119.8292,36.76469],[-119.82928,36.76469],[-119.82944,36.76468],[-119.82955,36.76469],[-119.82964,36.7647],[-119.83042,36.7647],[-119.83174,36.76469],[-119.83278,36.76469],[-119.83356,36.76469],[-119.83371,36.76469],[-119.83403,36.7647],[-119.83414,36.76469],[-119.83429,36.76469],[-119.83442,36.76469],[-119.83483,36.76469],[-119.83496,36.76469],[-119.83507,36.76468],[-119.83541,36.76468],[-119.83552,36.76468],[-119.83574,36.76467],[-119.8364,36.76467],[-119.83662,36.76467],[-119.83662,36.76491],[-119.83662,36.76511],[-119.83725,36.76509],[-119.83724,36.76521],[-119.83743,36.76522],[-119.83743,36.76513],[-119.83775,36.76514],[-119.83775,36.7649],[-119.83775,36.76466],[-119.83787,36.76466],[-119.83821,36.76466],[-119.83832,36.76466],[-119.83854,36.76466],[-119.83922,36.76467],[-119.83944,36.76467],[-119.83985,36.76467],[-119.84031,36.76467],[-119.84067,36.76468],[-119.8411,36.76468],[-119.84151,36.76468],[-119.84206,36.76468],[-119.84254,36.76468],[-119.8427,36.76468],[-119.84426,36.76469],[-119.84429,36.76469],[-119.84428,36.76381],[-119.84428,36.76319],[-119.84428,36.76295],[-119.84427,36.76123],[-119.84427,36.76107],[-119.84427,36.76066],[-119.84428,36.75944],[-119.84428,36.75903],[-119.84428,36.75871],[-119.84429,36.75846],[-119.84428,36.75777],[-119.84428,36.75745],[-119.84429,36.75709]]]},"properties":{"ZCTA5":"93728"}},{"type":"Feature","geometry":{"type":"Polygon","coordinates":[[[-119.78638,36.53726],[-119.78638,36.53278],[-119.78615,36.53278],[-119.78606,36.53278],[-119.78596,36.53278],[-119.78533,36.53279],[-119.78287,36.5328],[-119.78206,36.5328],[-119.78205,36.53347],[-119.78204,36.53548],[-119.78204,36.53614],[-119.78204,36.53634],[-119.78204,36.53692],[-119.78204,36.53711],[-119.78203,36.53771],[-119.78203,36.5395],[-119.78203,36.54009],[-119.78022,36.54009],[-119.77573,36.5401],[-119.77482,36.5401],[-119.77414,36.5401],[-119.77345,36.5401],[-119.77303,36.54012],[-119.77303,36.53885],[-119.77306,36.53506],[-119.77306,36.53379],[-119.77306,36.5336],[-119.77307,36.53303],[-119.77307,36.53284],[-119.77307,36.53211],[-119.77307,36.532],[-119.77307,36.52995],[-119.77307,36.52923],[-119.77307,36.52903],[-119.77307,36.52851],[-119.77307,36.52672],[-119.77307,36.52637],[-119.77307,36.52566],[-119.77307,36.52528],[-119.77307,36.52488],[-119.77307,36.52416],[-119.77307,36.52378],[-119.77307,36.52269],[-119.77308,36.52082],[-119.77307,36.51942],[-119.77307,36.5184],[-119.77306,36.51833],[-119.77306,36.51699],[-119.77307,36.51543],[-119.77314,36.50674],[-119.77316,36.50385],[-119.77315,36.50363],[-119.77317,36.50086],[-119.77315,36.49961],[-119.77315,36.49718],[-119.77314,36.49552],[-119.77315,36.48969],[-119.77314,36.48932],[-119.76948,36.48935],[-119.76873,36.48934],[-119.76537,36.48933],[-119.76411,36.48934],[-119.76234,36.48934],[-119.76162,36.48934],[-119.76034,36.48932],[-119.76015,36.48932],[-119.75899,36.48932],[-119.75649,36.48932],[-119.75529,36.48932],[-119.75521,36.48932],[-119.7552,36.48956],[-119.75521,36.49205],[-119.75522,36.49222],[-119.75523,36.49331],[-119.75523,36.49464],[-119.75523,36.50093],[-119.75523,36.50151],[-119.75525,36.50384],[-119.75164,36.50384],[-119.74084,36.50384],[-119.73724,36.50384],[-119.73692,36.50385],[-119.73484,36.50383],[-119.73432,36.50383],[-119.73358,36.50383],[-119.73043,36.5038],[-119.72887,36.5038],[-119.72451,36.50376],[-119.723,36.50374],[-119.72261,36.50374],[-119.71895,36.50372],[-119.71894,36.50465],[-119.7189,36.50742],[-119.7189,36.50755],[-119.71888,36.50835],[-119.71925,36.5091],[-119.71977,36.51033],[-119.72008,36.51106],[-119.72232,36.51632],[-119.72238,36.51646],[-119.7232,36.51831],[-119.72331,36.51853],[-119.72409,36.52031],[-119.7257,36.52404],[-119.72667,36.52629],[-119.7267,36.52636],[-119.72758,36.52837],[-119.72797,36.52926],[-119.72913,36.53194],[-119.72952,36.53283],[-119.73394,36.53286],[-119.73431,36.53286],[-119.73612,36.53288],[-119.73689,36.53288],[-119.73709,36.53287],[-119.7371,36.54402],[-119.73709,36.54649],[-119.73712,36.54735],[-119.73581,36.54735],[-119.73602,36.54789],[-119.73616,36.54823],[-119.7359,36.54847],[-119.7359,36.5485],[-119.73583,36.54856],[-119.73571,36.54871],[-119.73534,36.54904],[-119.73515,36.54923],[-119.73512,36.54926],[-119.73481,36.54952],[-119.73474,36.54956],[-119.73471,36.54956],[-119.73467,36.54959],[-119.73465,36.54959],[-119.73449,36.54958],[-119.73443,36.54958],[-119.73417,36.54949],[-119.73415,36.54947],[-119.73405,36.54945],[-119.73395,36.54937],[-119.73354,36.54915],[-119.73349,36.54913],[-119.73343,36.54909],[-119.73335,36.54904],[-119.73322,36.54897],[-119.73316,36.54894],[-119.73299,36.54887],[-119.73297,36.54886],[-119.73291,36.54885],[-119.73278,36.54876],[-119.73261,36.5487],[-119.73249,36.54864],[-119.73242,36.54859],[-119.73237,36.54858],[-119.73232,36.54857],[-119.73218,36.54853],[-119.73215,36.54851],[-119.73205,36.54848],[-119.73186,36.54842],[-119.73173,36.54839],[-119.73145,36.54835],[-119.73135,36.54833],[-119.73127,36.54832],[-119.73123,36.54831],[-119.73061,36.54822],[-119.73019,36.54818],[-119.73016,36.54816],[-119.7301,36.54814],[-119.73005,36.54816],[-119.72977,36.54816],[-119.72934,36.54819],[-119.72919,36.54821],[-119.72899,36.54825],[-119.72896,36.54827],[-119.72885,36.5483],[-119.72881,36.54831],[-119.72876,36.54833],[-119.72873,36.54834],[-119.72866,36.54836],[-119.72858,36.54841],[-119.72853,36.54842],[-119.72851,36.54844],[-119.72834,36.54849],[-119.72788,36.54875],[-119.72784,36.54877],[-119.72779,36.54881],[-119.72752,36.54896],[-119.72748,36.54898],[-119.72743,36.549],[-119.72731,36.54908],[-119.72724,36.54912],[-119.72714,36.54919],[-119.72711,36.54919],[-119.72696,36.5493],[-119.72682,36.54937],[-119.72667,36.54948],[-119.72659,36.54951],[-119.72609,36.54989],[-119.726,36.54999],[-119.72582,36.55014],[-119.72581,36.55014],[-119.72552,36.55044],[-119.7254,36.55057],[-119.72484,36.55109],[-119.72457,36.55134],[-119.72453,36.5514],[-119.72438,36.55153],[-119.72431,36.55156],[-119.72422,36.55162],[-119.72373,36.55188],[-119.72364,36.55192],[-119.72341,36.55207],[-119.72326,36.55215],[-119.72306,36.55225],[-119.72303,36.55225],[-119.72287,36.55237],[-119.72283,36.55238],[-119.72278,36.55241],[-119.72269,36.55246],[-119.72265,36.55247],[-119.72253,36.55257],[-119.72245,36.55259],[-119.72232,36.55268],[-119.72202,36.55285],[-119.7216,36.55308],[-119.72146,36.55312],[-119.72142,36.55315],[-119.7214,36.55315],[-119.72131,36.55316],[-119.72123,36.55319],[-119.7212,36.55319],[-119.72103,36.55324],[-119.72101,36.55324],[-119.72083,36.55331],[-119.72075,36.55332],[-119.72056,36.55338],[-119.72044,36.55342],[-119.71969,36.55362],[-119.71955,36.55367],[-119.71949,36.5537],[-119.71927,36.55376],[-119.71906,36.55378],[-119.71898,36.55383],[-119.7189,36.55386],[-119.71888,36.55388],[-119.71875,36.5539],[-119.71856,36.55396],[-119.71856,36.55262],[-119.71857,36.5486],[-119.71857,36.54727],[-119.71767,36.54727],[-119.71711,36.54727],[-119.71498,36.54725],[-119.71409,36.54724],[-119.71408,36.54897],[-119.71406,36.55416],[-119.71406,36.55446],[-119.71406,36.5546],[-119.71406,36.55588],[-119.71404,36.5559],[-119.71399,36.5559],[-119.71392,36.55595],[-119.71385,36.55599],[-119.71379,36.55603],[-119.71371,36.5561],[-119.7135,36.55624],[-119.71335,36.55631],[-119.71303,36.55644],[-119.713,36.55645],[-119.71285,36.5565],[-119.71281,36.55653],[-119.71274,36.55655],[-119.71272,36.55656],[-119.71266,36.5566],[-119.71261,36.55663],[-119.71253,36.55667],[-119.71239,36.55678],[-119.71223,36.5569],[-119.71218,36.55691],[-119.71213,36.55695],[-119.71208,36.55697],[-119.71197,36.557],[-119.71192,36.55701],[-119.71189,36.55701],[-119.71174,36.557],[-119.7112,36.55687],[-119.71102,36.55683],[-119.71083,36.55677],[-119.71063,36.55674],[-119.71048,36.5567],[-119.71041,36.55669],[-119.71021,36.55664],[-119.71006,36.55663],[-119.70999,36.55662],[-119.70969,36.55661],[-119.70964,36.55658],[-119.70959,36.55662],[-119.70937,36.55663],[-119.70933,36.55663],[-119.7092,36.55663],[-119.70863,36.55666],[-119.70857,36.55667],[-119.70851,36.55669],[-119.70845,36.55673],[-119.70842,36.55673],[-119.70838,36.55676],[-119.70835,36.55685],[-119.70832,36.55688],[-119.70826,36.55745],[-119.70824,36.55754],[-119.70817,36.55772],[-119.70814,36.55775],[-119.70813,36.55778],[-119.70806,36.55788],[-119.70777,36.55813],[-119.70759,36.55825],[-119.70754,36.55829],[-119.70739,36.55842],[-119.70728,36.55856],[-119.70724,36.55875],[-119.70726,36.55891],[-119.70731,36.55907],[-119.70734,36.55913],[-119.70738,36.55929],[-119.70735,36.55932],[-119.70734,36.55936],[-119.70734,36.55938],[-119.7073,36.55942],[-119.70728,36.55946],[-119.70725,36.55948],[-119.70716,36.55954],[-119.70709,36.55957],[-119.70707,36.55958],[-119.707,36.5596],[-119.70695,36.55962],[-119.70688,36.55964],[-119.70685,36.55965],[-119.70679,36.55967],[-119.70674,36.55969],[-119.70671,36.5597],[-119.70667,36.55972],[-119.7065,36.55977],[-119.70597,36.55996],[-119.70594,36.55998],[-119.70588,36.55999],[-119.70593,36.56002],[-119.70616,36.56017],[-119.70641,36.56031],[-119.70645,36.56033],[-119.70661,36.56044],[-119.70664,36.56045],[-119.70681,36.56056],[-119.70777,36.56112],[-119.70817,36.56134],[-119.70836,36.56144],[-119.70857,36.56158],[-119.70872,36.5617],[-119.70889,36.5617],[-119.70938,36.56171],[-119.70955,36.56171],[-119.71044,36.56171],[-119.71313,36.56174],[-119.71403,36.56175],[-119.71438,36.56175],[-119.71542,36.56177],[-119.71577,36.56177],[-119.71586,36.56177],[-119.71632,36.56177],[-119.71799,36.56178],[-119.71854,36.56178],[-119.71854,36.56239],[-119.71855,36.5639],[-119.71854,36.56422],[-119.71853,36.56478],[-119.71853,36.56483],[-119.71839,36.56479],[-119.71818,36.56473],[-119.71814,36.5647],[-119.71791,36.56464],[-119.71782,36.56462],[-119.71773,36.56458],[-119.71728,36.56446],[-119.71721,36.56445],[-119.71712,36.5644],[-119.71709,36.5644],[-119.71704,36.56437],[-119.71685,36.56431],[-119.71674,36.56428],[-119.7167,36.56427],[-119.71621,36.56412],[-119.71592,36.56404],[-119.71579,36.56402],[-119.71572,36.564],[-119.71569,36.56398],[-119.71561,36.56396],[-119.71557,36.56396],[-119.71551,36.56393],[-119.71539,36.5639],[-119.71522,36.56382],[-119.71441,36.56357],[-119.71396,36.56346],[-119.71383,36.5634],[-119.71373,36.56336],[-119.71359,36.56334],[-119.71356,36.56332],[-119.71348,36.5633],[-119.71343,36.56328],[-119.71337,36.56326],[-119.71334,36.56324],[-119.71263,36.56303],[-119.71222,36.56291],[-119.71193,36.56283],[-119.71184,36.56281],[-119.71173,36.56275],[-119.71148,36.56268],[-119.71146,36.56267],[-119.71134,36.56264],[-119.71107,36.56256],[-119.71083,36.56249],[-119.71079,36.56247],[-119.71064,36.56242],[-119.71035,36.56234],[-119.71011,36.56226],[-119.70996,36.56222],[-119.70992,36.5622],[-119.70985,36.56218],[-119.70981,36.56218],[-119.70978,36.56216],[-119.70962,36.56212],[-119.70958,36.5621],[-119.70955,36.56209],[-119.70954,36.56349],[-119.70954,36.56419],[-119.70954,36.56537],[-119.70952,36.56768],[-119.70952,36.56771],[-119.70953,36.56901],[-119.70953,36.56908],[-119.70952,36.57054],[-119.70951,36.57275],[-119.70949,36.57492],[-119.70949,36.57576],[-119.70949,36.57638],[-119.70947,36.57783],[-119.70944,36.58219],[-119.70943,36.58364],[-119.70942,36.58509],[-119.7094,36.58945],[-119.70939,36.5909],[-119.7094,36.5914],[-119.70944,36.59291],[-119.70946,36.59341],[-119.70944,36.59342],[-119.70937,36.5935],[-119.70933,36.59359],[-119.7093,36.59442],[-119.70931,36.59444],[-119.70931,36.59455],[-119.70924,36.59464],[-119.70901,36.59488],[-119.70898,36.59494],[-119.70895,36.59508],[-119.70892,36.59547],[-119.70888,36.59559],[-119.70886,36.59563],[-119.70885,36.59571],[-119.70884,36.59574],[-119.70882,36.59576],[-119.70879,36.59591],[-119.70875,36.596],[-119.70873,36.59603],[-119.70871,36.59608],[-119.70864,36.59617],[-119.70857,36.59624],[-119.70847,36.59632],[-119.70842,36.59633],[-119.70823,36.59636],[-119.70794,36.59639],[-119.70768,36.59646],[-119.70761,36.59649],[-119.70746,36.59652],[-119.70743,36.59655],[-119.70737,36.59656],[-119.70733,36.5966],[-119.7073,36.59663],[-119.70719,36.59673],[-119.70716,36.5968],[-119.70712,36.59693],[-119.70709,36.5971],[-119.70707,36.59727],[-119.70707,36.59735],[-119.70701,36.59741],[-119.70695,36.59745],[-119.70692,36.59745],[-119.70687,36.59749],[-119.70683,36.59749],[-119.70679,36.59752],[-119.70673,36.59753],[-119.70668,36.59756],[-119.70648,36.59759],[-119.70632,36.59758],[-119.70602,36.59753],[-119.70574,36.59745],[-119.70569,36.59743],[-119.70551,36.59739],[-119.70546,36.59737],[-119.70537,36.59735],[-119.70522,36.59727],[-119.705,36.59709],[-119.70479,36.59691],[-119.7047,36.59681],[-119.70467,36.59677],[-119.7046,36.59672],[-119.70424,36.59636],[-119.70413,36.59627],[-119.70393,36.59627],[-119.70379,36.59626],[-119.70342,36.59627],[-119.70281,36.59627],[-119.70149,36.59627],[-119.70109,36.59628],[-119.7009,36.5963],[-119.70087,36.59632],[-119.70079,36.59636],[-119.70066,36.59645],[-119.70057,36.5965],[-119.70036,36.59651],[-119.70036,36.59685],[-119.70035,36.59784],[-119.70035,36.59817],[-119.70085,36.59816],[-119.70215,36.59816],[-119.70311,36.59816],[-119.70538,36.59815],[-119.70756,36.59815],[-119.70936,36.59815],[-119.71067,36.59815],[-119.71115,36.59815],[-119.71654,36.59815],[-119.71748,36.59815],[-119.71833,36.59814],[-119.71833,36.59959],[-119.71833,36.60397],[-119.71833,36.60543],[-119.71832,36.60569],[-119.71832,36.60613],[-119.71831,36.60664],[-119.71832,36.60823],[-119.71832,36.60872],[-119.71832,36.60893],[-119.71859,36.60894],[-119.71863,36.60894],[-119.71873,36.60895],[-119.71898,36.60894],[-119.72085,36.60896],[-119.72108,36.60895],[-119.72138,36.60897],[-119.72285,36.60897],[-119.72302,36.60896],[-119.72316,36.60897],[-119.72325,36.60898],[-119.72397,36.60898],[-119.72439,36.60898],[-119.72492,36.60899],[-119.72514,36.60898],[-119.72544,36.60899],[-119.72662,36.60898],[-119.72682,36.60897],[-119.72709,36.60897],[-119.72733,36.60899],[-119.72892,36.609],[-119.72966,36.609],[-119.72974,36.60906],[-119.72977,36.60909],[-119.72978,36.60913],[-119.72978,36.61011],[-119.72979,36.61025],[-119.72977,36.61028],[-119.72977,36.61041],[-119.72979,36.61049],[-119.72977,36.61064],[-119.72975,36.61175],[-119.72976,36.61223],[-119.72974,36.61255],[-119.72974,36.61273],[-119.72975,36.61275],[-119.72978,36.61277],[-119.72983,36.61279],[-119.73143,36.61282],[-119.73266,36.61281],[-119.73273,36.61287],[-119.73274,36.61333],[-119.73274,36.61408],[-119.73273,36.61455],[-119.73272,36.61467],[-119.73274,36.6147],[-119.73275,36.61524],[-119.73275,36.6163],[-119.73276,36.61637],[-119.73274,36.61641],[-119.73273,36.61653],[-119.73275,36.61655],[-119.73276,36.61658],[-119.73276,36.61812],[-119.73277,36.61889],[-119.73277,36.6191],[-119.73277,36.61927],[-119.73278,36.61938],[-119.73277,36.61941],[-119.73276,36.61948],[-119.73277,36.61965],[-119.73277,36.61972],[-119.73277,36.61988],[-119.73277,36.61992],[-119.73162,36.61992],[-119.72818,36.61992],[-119.72703,36.61992],[-119.72705,36.62008],[-119.72703,36.62282],[-119.72703,36.62426],[-119.72701,36.62598],[-119.72694,36.63153],[-119.72693,36.63238],[-119.72694,36.63432],[-119.72693,36.63443],[-119.72512,36.63442],[-119.72095,36.63441],[-119.71972,36.63442],[-119.71805,36.63443],[-119.71792,36.63442],[-119.71703,36.63442],[-119.71436,36.63441],[-119.71412,36.63441],[-119.71347,36.63442],[-119.71257,36.63442],[-119.70986,36.63441],[-119.70896,36.63441],[-119.70897,36.63459],[-119.70897,36.63587],[-119.70894,36.64025],[-119.70893,36.64171],[-119.70893,36.64329],[-119.70891,36.64797],[-119.70892,36.64806],[-119.70894,36.64818],[-119.70901,36.64835],[-119.70915,36.64854],[-119.70933,36.64871],[-119.70961,36.64889],[-119.70984,36.64897],[-119.71006,36.64901],[-119.71122,36.64901],[-119.71157,36.64901],[-119.71611,36.64901],[-119.71762,36.64901],[-119.71738,36.64921],[-119.71733,36.64928],[-119.71724,36.64954],[-119.71722,36.64961],[-119.7172,36.64965],[-119.71716,36.6497],[-119.71709,36.64985],[-119.71707,36.64989],[-119.71707,36.64993],[-119.717,36.65005],[-119.71694,36.65012],[-119.71692,36.65013],[-119.7169,36.65019],[-119.71687,36.65022],[-119.71685,36.65024],[-119.71679,36.65031],[-119.71676,36.65035],[-119.71672,36.65041],[-119.7167,36.65046],[-119.71665,36.65053],[-119.71659,36.65064],[-119.71647,36.65081],[-119.71645,36.65086],[-119.71643,36.65088],[-119.71641,36.65093],[-119.71636,36.65099],[-119.71624,36.65118],[-119.71618,36.65133],[-119.71611,36.65139],[-119.7161,36.65144],[-119.71607,36.65147],[-119.71607,36.65149],[-119.71604,36.65152],[-119.71602,36.65161],[-119.71599,36.65167],[-119.71603,36.6525],[-119.71603,36.65261],[-119.71595,36.65268],[-119.7158,36.6527],[-119.71577,36.65271],[-119.71568,36.65272],[-119.71553,36.65277],[-119.71531,36.6528],[-119.71518,36.65284],[-119.71485,36.65288],[-119.71473,36.6529],[-119.71465,36.65292],[-119.71449,36.65294],[-119.71445,36.65296],[-119.71437,36.65298],[-119.71418,36.653],[-119.71411,36.65302],[-119.71396,36.65304],[-119.7139,36.65307],[-119.71354,36.6531],[-119.71535,36.65471],[-119.71536,36.65473],[-119.71646,36.6557],[-119.71827,36.65742],[-119.72057,36.65951],[-119.72275,36.66147],[-119.72351,36.66215],[-119.72501,36.66354],[-119.7249,36.66354],[-119.72463,36.66354],[-119.72427,36.66321],[-119.72326,36.66225],[-119.72058,36.65977],[-119.71811,36.65757],[-119.71776,36.65728],[-119.7165,36.65609],[-119.71505,36.65475],[-119.71341,36.65326],[-119.71329,36.65315],[-119.71325,36.65316],[-119.71308,36.65318],[-119.71289,36.65322],[-119.71275,36.65326],[-119.71263,36.65328],[-119.71256,36.65329],[-119.71253,36.6533],[-119.71246,36.65332],[-119.71231,36.65334],[-119.71229,36.65334],[-119.71223,36.65336],[-119.71212,36.65339],[-119.712,36.65342],[-119.7119,36.65344],[-119.71182,36.65346],[-119.71169,36.65349],[-119.71158,36.65352],[-119.71143,36.65354],[-119.71131,36.65358],[-119.7112,36.65359],[-119.71101,36.65364],[-119.71087,36.65366],[-119.71074,36.6537],[-119.71065,36.65372],[-119.71051,36.65375],[-119.71044,36.65378],[-119.71038,36.6538],[-119.71026,36.65382],[-119.71019,36.65384],[-119.71004,36.65387],[-119.70979,36.65394],[-119.70972,36.65396],[-119.70963,36.65397],[-119.70953,36.654],[-119.7095,36.65401],[-119.70947,36.65403],[-119.70934,36.65408],[-119.70898,36.65427],[-119.70894,36.65429],[-119.70878,36.6544],[-119.70871,36.65443],[-119.70863,36.65449],[-119.70821,36.65411],[-119.70698,36.65299],[-119.70657,36.65261],[-119.70843,36.65131],[-119.70809,36.651],[-119.70763,36.65058],[-119.70751,36.65044],[-119.7074,36.65026],[-119.70734,36.65004],[-119.70731,36.64903],[-119.70689,36.64903],[-119.70687,36.64903],[-119.70371,36.64903],[-119.70265,36.64904],[-119.70254,36.64904],[-119.70221,36.64905],[-119.7021,36.64905],[-119.70167,36.64864],[-119.70037,36.6474],[-119.69994,36.64699],[-119.69994,36.64718],[-119.69994,36.6474],[-119.69991,36.64863],[-119.6999,36.64886],[-119.6999,36.64904],[-119.69802,36.64905],[-119.6924,36.64906],[-119.69091,36.64906],[-119.69053,36.64906],[-119.68882,36.64907],[-119.6885,36.64907],[-119.68371,36.64906],[-119.68217,36.64906],[-119.68201,36.64906],[-119.68022,36.64905],[-119.67487,36.64904],[-119.67308,36.64904],[-119.67304,36.65128],[-119.67301,36.65193],[-119.67299,36.65242],[-119.67289,36.65907],[-119.67287,36.66062],[-119.67286,36.66142],[-119.67286,36.66321],[-119.67285,36.66352],[-119.67105,36.66351],[-119.67016,36.66351],[-119.66895,36.66351],[-119.66566,36.66349],[-119.66413,36.66348],[-119.66387,36.66347],[-119.66387,36.66367],[-119.66386,36.66426],[-119.66386,36.66446],[-119.66313,36.66451],[-119.66206,36.66462],[-119.66099,36.66473],[-119.66019,36.66483],[-119.66008,36.66484],[-119.66005,36.66483],[-119.66001,36.66481],[-119.65995,36.66485],[-119.65958,36.66491],[-119.65888,36.66501],[-119.65881,36.66503],[-119.65819,36.66511],[-119.65757,36.6652],[-119.6572,36.66524],[-119.65703,36.66528],[-119.65687,36.66531],[-119.65684,36.66532],[-119.65681,36.66532],[-119.65669,36.66535],[-119.65667,36.66535],[-119.65654,36.66537],[-119.65646,36.66539],[-119.65636,36.66541],[-119.65632,36.66542],[-119.65617,36.66544],[-119.65608,36.66547],[-119.65594,36.66549],[-119.65591,36.6655],[-119.65577,36.66552],[-119.6557,36.66554],[-119.65555,36.66556],[-119.65544,36.66559],[-119.65533,36.66561],[-119.65527,36.66562],[-119.65513,36.66564],[-119.65507,36.66566],[-119.65493,36.66568],[-119.65491,36.66568],[-119.65483,36.6657],[-119.65472,36.66572],[-119.65469,36.66573],[-119.65436,36.66578],[-119.6543,36.6658],[-119.65416,36.66582],[-119.65406,36.66585],[-119.65391,36.66587],[-119.65387,36.66588],[-119.65375,36.6659],[-119.65364,36.66594],[-119.65359,36.66597],[-119.65351,36.66598],[-119.65336,36.66602],[-119.65333,36.66603],[-119.65308,36.6661],[-119.6525,36.66625],[-119.65181,36.66646],[-119.65177,36.66648],[-119.65173,36.66648],[-119.65164,36.66652],[-119.65161,36.66652],[-119.65147,36.66657],[-119.6512,36.66666],[-119.65116,36.66668],[-119.65111,36.66669],[-119.65108,36.66671],[-119.65096,36.66673],[-119.65084,36.66677],[-119.6508,36.66679],[-119.65076,36.6668],[-119.65034,36.66694],[-119.64988,36.66712],[-119.64985,36.66713],[-119.64965,36.6672],[-119.6496,36.6672],[-119.64949,36.66727],[-119.64943,36.66729],[-119.6494,36.66731],[-119.6493,36.66734],[-119.64925,36.66736],[-119.64913,36.6674],[-119.6491,36.66742],[-119.64902,36.66744],[-119.64899,36.66746],[-119.64892,36.66748],[-119.64885,36.66752],[-119.64881,36.66752],[-119.64876,36.66755],[-119.64873,36.66756],[-119.64869,36.66758],[-119.64866,36.66759],[-119.6486,36.66762],[-119.64854,36.66765],[-119.64848,36.66766],[-119.64843,36.66769],[-119.64833,36.66772],[-119.64829,36.66774],[-119.64823,36.66777],[-119.64818,36.6678],[-119.64811,36.66781],[-119.64807,36.66784],[-119.648,36.66785],[-119.64796,36.66788],[-119.64789,36.66789],[-119.64785,36.66792],[-119.64778,36.66794],[-119.64776,36.66795],[-119.64775,36.66796],[-119.64769,36.66797],[-119.64764,36.668],[-119.64758,36.66801],[-119.64754,36.66804],[-119.64747,36.66805],[-119.64742,36.66808],[-119.64721,36.66807],[-119.64716,36.66803],[-119.64711,36.66804],[-119.64687,36.66803],[-119.6465,36.66797],[-119.64646,36.66796],[-119.64616,36.66794],[-119.64593,36.66791],[-119.64592,36.66991],[-119.6459,36.67594],[-119.6459,36.67716],[-119.64591,36.67795],[-119.64411,36.67793],[-119.63874,36.67789],[-119.63853,36.67788],[-119.63694,36.67789],[-119.63695,36.67934],[-119.63695,36.68044],[-119.63697,36.6837],[-119.63698,36.68515],[-119.63697,36.68595],[-119.63697,36.68661],[-119.63697,36.68686],[-119.63697,36.6884],[-119.63697,36.68962],[-119.63699,36.69044],[-119.63699,36.69097],[-119.63699,36.6913],[-119.63699,36.69217],[-119.637,36.69242],[-119.63878,36.69245],[-119.64415,36.69253],[-119.6454,36.69255],[-119.64594,36.69257],[-119.64594,36.69405],[-119.64596,36.69847],[-119.64597,36.6998],[-119.64597,36.69994],[-119.64596,36.70027],[-119.64597,36.70143],[-119.64597,36.70164],[-119.64598,36.70588],[-119.64598,36.7071],[-119.64596,36.70737],[-119.64621,36.70737],[-119.64749,36.70738],[-119.65209,36.70741],[-119.65362,36.70743],[-119.65399,36.70708],[-119.6541,36.70698],[-119.65425,36.70683],[-119.65438,36.7067],[-119.65438,36.70668],[-119.65459,36.7065],[-119.6546,36.70648],[-119.65464,36.70644],[-119.65467,36.70638],[-119.65469,36.70618],[-119.65466,36.70597],[-119.65464,36.70584],[-119.65461,36.70553],[-119.65459,36.70545],[-119.6546,36.70533],[-119.65461,36.7053],[-119.65462,36.70527],[-119.65468,36.70482],[-119.65469,36.70473],[-119.65475,36.70459],[-119.65479,36.70454],[-119.65493,36.70442],[-119.65499,36.70437],[-119.65511,36.70431],[-119.6552,36.70427],[-119.65549,36.70418],[-119.65567,36.70411],[-119.65574,36.70409],[-119.6558,36.70407],[-119.65584,36.70404],[-119.65593,36.70402],[-119.65607,36.70395],[-119.65611,36.70393],[-119.65693,36.70371],[-119.65702,36.70369],[-119.65722,36.70369],[-119.65734,36.70372],[-119.65786,36.70385],[-119.65805,36.70388],[-119.6583,36.70386],[-119.65845,36.70381],[-119.65854,36.70379],[-119.65857,36.70377],[-119.65861,36.70376],[-119.65867,36.70372],[-119.65877,36.7037],[-119.6588,36.70368],[-119.65885,36.70367],[-119.65896,36.70362],[-119.65901,36.70358],[-119.65904,36.70358],[-119.65908,36.70356],[-119.65914,36.70354],[-119.65921,36.70351],[-119.65936,36.70341],[-119.65951,36.70331],[-119.65979,36.70308],[-119.65985,36.70305],[-119.65989,36.70303],[-119.65993,36.70301],[-119.65999,36.70298],[-119.66008,36.70294],[-119.66019,36.7029],[-119.66071,36.70289],[-119.66142,36.70289],[-119.66146,36.70289],[-119.66175,36.70287],[-119.66201,36.70286],[-119.66237,36.70289],[-119.66274,36.70293],[-119.66283,36.70296],[-119.66292,36.703],[-119.66296,36.703],[-119.663,36.70303],[-119.66304,36.70303],[-119.6632,36.70312],[-119.66336,36.70315],[-119.66341,36.70316],[-119.66346,36.70318],[-119.66349,36.7032],[-119.66353,36.70321],[-119.66358,36.70324],[-119.6637,36.70325],[-119.66397,36.70326],[-119.66397,36.70374],[-119.66398,36.70411],[-119.66402,36.70664],[-119.66403,36.70726],[-119.66402,36.70742],[-119.66402,36.70749],[-119.66429,36.7075],[-119.66556,36.70747],[-119.66582,36.70747],[-119.67122,36.70746],[-119.67302,36.70746],[-119.67482,36.70745],[-119.68022,36.70743],[-119.68202,36.70742],[-119.68214,36.70743],[-119.6838,36.70744],[-119.68914,36.70745],[-119.69068,36.70746],[-119.69092,36.70745],[-119.69146,36.70745],[-119.69306,36.70745],[-119.69318,36.70745],[-119.6933,36.70745],[-119.69329,36.70847],[-119.69447,36.70847],[-119.69469,36.70847],[-119.69533,36.70846],[-119.69554,36.70846],[-119.69554,36.70826],[-119.69554,36.708],[-119.69591,36.70802],[-119.69801,36.70803],[-119.698,36.70748],[-119.69907,36.70748],[-119.69995,36.70748],[-119.7008,36.70748],[-119.70297,36.7075],[-119.703,36.70965],[-119.70569,36.70968],[-119.7068,36.70968],[-119.70689,36.70753],[-119.70814,36.70754],[-119.70886,36.70755],[-119.70914,36.70755],[-119.70925,36.70755],[-119.7093,36.70755],[-119.7096,36.70756],[-119.70972,36.70756],[-119.71012,36.70756],[-119.71133,36.70758],[-119.71173,36.70758],[-119.71174,36.70761],[-119.71175,36.70825],[-119.71176,36.70883],[-119.71176,36.7089],[-119.71178,36.70913],[-119.71179,36.70963],[-119.71173,36.71023],[-119.7117,36.71053],[-119.71167,36.71061],[-119.71167,36.71066],[-119.71164,36.71074],[-119.7116,36.71087],[-119.71157,36.71096],[-119.71156,36.71098],[-119.71155,36.71102],[-119.71149,36.71109],[-119.71149,36.71112],[-119.71145,36.71116],[-119.71137,36.71126],[-119.71136,36.71127],[-119.71135,36.71129],[-119.71113,36.71148],[-119.71095,36.7116],[-119.71088,36.71164],[-119.71081,36.71166],[-119.71073,36.71169],[-119.71037,36.71179],[-119.71033,36.71182],[-119.71026,36.71184],[-119.71022,36.71185],[-119.71014,36.7119],[-119.71011,36.71191],[-119.71003,36.71195],[-119.71,36.71195],[-119.70993,36.71201],[-119.70973,36.71218],[-119.7096,36.71229],[-119.70957,36.71233],[-119.7095,36.71239],[-119.70946,36.71245],[-119.70934,36.71257],[-119.70929,36.71261],[-119.70928,36.71262],[-119.70927,36.71264],[-119.70922,36.71277],[-119.70919,36.7128],[-119.70916,36.71287],[-119.70915,36.71289],[-119.70911,36.71294],[-119.70906,36.71303],[-119.70901,36.71307],[-119.70899,36.71313],[-119.70895,36.71322],[-119.70891,36.71325],[-119.70889,36.71332],[-119.70885,36.71336],[-119.70882,36.71343],[-119.70877,36.7135],[-119.70877,36.71352],[-119.70873,36.71356],[-119.70873,36.71358],[-119.70869,36.71362],[-119.70863,36.7137],[-119.70848,36.7139],[-119.70842,36.71396],[-119.70833,36.71405],[-119.70827,36.71411],[-119.7081,36.71424],[-119.70796,36.71435],[-119.70778,36.71448],[-119.7062,36.71446],[-119.70508,36.71445],[-119.70507,36.71481],[-119.70619,36.71482],[-119.70663,36.7148],[-119.70733,36.71479],[-119.70752,36.71479],[-119.70806,36.71482],[-119.70863,36.71485],[-119.7092,36.71488],[-119.70926,36.71488],[-119.70927,36.71545],[-119.70928,36.71581],[-119.70928,36.71613],[-119.70929,36.71655],[-119.70932,36.71657],[-119.70943,36.71659],[-119.70949,36.71663],[-119.70961,36.71666],[-119.70967,36.71669],[-119.70973,36.7167],[-119.70981,36.71675],[-119.70985,36.71676],[-119.70996,36.71681],[-119.71002,36.71682],[-119.7101,36.71687],[-119.71015,36.71688],[-119.71023,36.71693],[-119.71029,36.71694],[-119.71038,36.71699],[-119.71042,36.71699],[-119.71055,36.71706],[-119.71061,36.71708],[-119.71064,36.7171],[-119.71069,36.71711],[-119.71074,36.71714],[-119.71077,36.71714],[-119.71093,36.71723],[-119.7111,36.71729],[-119.71117,36.71731],[-119.71129,36.71737],[-119.71135,36.7174],[-119.71146,36.71744],[-119.71175,36.71754],[-119.71179,36.71755],[-119.71183,36.71757],[-119.71195,36.7176],[-119.71212,36.71765],[-119.71219,36.71766],[-119.7123,36.71769],[-119.71255,36.71767],[-119.71275,36.7176],[-119.71278,36.7176],[-119.71287,36.71755],[-119.71296,36.71753],[-119.71299,36.71751],[-119.71305,36.7175],[-119.71318,36.71744],[-119.71381,36.71725],[-119.71384,36.71725],[-119.71407,36.71723],[-119.71433,36.71727],[-119.71448,36.71728],[-119.71465,36.71737],[-119.71469,36.71738],[-119.71481,36.71743],[-119.71484,36.71745],[-119.71511,36.71746],[-119.71531,36.71737],[-119.71591,36.71707],[-119.71597,36.71703],[-119.716,36.71701],[-119.71603,36.71701],[-119.71606,36.71699],[-119.71618,36.71694],[-119.71626,36.71688],[-119.71638,36.71679],[-119.71652,36.71669],[-119.7166,36.71668],[-119.71673,36.71659],[-119.7168,36.71655],[-119.71722,36.71644],[-119.71726,36.71642],[-119.71732,36.7164],[-119.7174,36.71635],[-119.71771,36.7161],[-119.71775,36.71604],[-119.71792,36.7159],[-119.71815,36.71572],[-119.71838,36.7155],[-119.71846,36.71546],[-119.71849,36.71545],[-119.71853,36.71661],[-119.71853,36.7185],[-119.71851,36.71863],[-119.71851,36.71926],[-119.71851,36.71943],[-119.71851,36.72011],[-119.71851,36.72152],[-119.71851,36.72211],[-119.71851,36.72214],[-119.7185,36.72219],[-119.7185,36.72227],[-119.71911,36.72224],[-119.72066,36.72216],[-119.72095,36.72214],[-119.72157,36.72212],[-119.7217,36.72211],[-119.72184,36.7221],[-119.72265,36.72206],[-119.72293,36.72205],[-119.72383,36.72201],[-119.72415,36.72199],[-119.72645,36.72188],[-119.72655,36.72187],[-119.72745,36.72184],[-119.72833,36.72178],[-119.72846,36.72177],[-119.73098,36.72165],[-119.73187,36.7216],[-119.73198,36.7216],[-119.73231,36.72158],[-119.73243,36.72157],[-119.73295,36.72155],[-119.73454,36.72146],[-119.73507,36.72143],[-119.73535,36.72142],[-119.73582,36.72139],[-119.7362,36.72138],[-119.73638,36.72137],[-119.73648,36.72138],[-119.73706,36.72138],[-119.7377,36.72137],[-119.7383,36.72138],[-119.73945,36.72138],[-119.74149,36.72138],[-119.74375,36.72138],[-119.74557,36.72138],[-119.74623,36.72138],[-119.74823,36.72139],[-119.7489,36.72139],[-119.74936,36.72139],[-119.75074,36.72139],[-119.75121,36.72139],[-119.75158,36.72139],[-119.75195,36.72139],[-119.75272,36.7214],[-119.7531,36.7214],[-119.75341,36.7214],[-119.75357,36.7214],[-119.75435,36.7214],[-119.75466,36.7214],[-119.75511,36.7214],[-119.75644,36.72139],[-119.75689,36.72139],[-119.75735,36.72141],[-119.75777,36.72141],[-119.75879,36.7214],[-119.76042,36.72139],[-119.76131,36.72139],[-119.76136,36.72139],[-119.76151,36.72139],[-119.76156,36.72139],[-119.76198,36.72139],[-119.76323,36.72139],[-119.76365,36.72139],[-119.76365,36.72136],[-119.76369,36.72136],[-119.76374,36.72136],[-119.76382,36.72136],[-119.76387,36.72136],[-119.76405,36.72136],[-119.7646,36.72136],[-119.76478,36.72136],[-119.765,36.72137],[-119.76568,36.72137],[-119.76582,36.72137],[-119.76591,36.72138],[-119.76612,36.72137],[-119.76675,36.72137],[-119.76696,36.72137],[-119.76702,36.72128],[-119.76738,36.721],[-119.76744,36.72096],[-119.76782,36.72083],[-119.76906,36.7208],[-119.76963,36.72079],[-119.77013,36.72079],[-119.77082,36.72079],[-119.77121,36.72076],[-119.77151,36.72072],[-119.77164,36.72066],[-119.77173,36.72063],[-119.77189,36.72048],[-119.77201,36.72032],[-119.77201,36.72053],[-119.77203,36.72116],[-119.77203,36.72127],[-119.77202,36.72137],[-119.7721,36.72137],[-119.77234,36.72136],[-119.77242,36.72136],[-119.77247,36.72136],[-119.77262,36.72135],[-119.77267,36.72135],[-119.77267,36.72065],[-119.77266,36.71967],[-119.77266,36.71853],[-119.77266,36.71783],[-119.77266,36.71747],[-119.77267,36.71638],[-119.77268,36.71602],[-119.77268,36.71565],[-119.77267,36.71456],[-119.77267,36.7142],[-119.77272,36.7142],[-119.77285,36.7142],[-119.77289,36.7142],[-119.77306,36.7142],[-119.77356,36.7142],[-119.77373,36.7142],[-119.77347,36.71397],[-119.77269,36.71328],[-119.77243,36.71305],[-119.7723,36.71293],[-119.77189,36.71258],[-119.77175,36.71246],[-119.77067,36.71147],[-119.76742,36.70851],[-119.76634,36.70753],[-119.7662,36.7074],[-119.76578,36.70701],[-119.76564,36.70688],[-119.76572,36.70688],[-119.76595,36.70688],[-119.76602,36.70688],[-119.76653,36.70686],[-119.76806,36.70681],[-119.76857,36.70679],[-119.76879,36.70679],[-119.76902,36.70679],[-119.77037,36.7068],[-119.77083,36.7068],[-119.7715,36.70681],[-119.77173,36.70682],[-119.77204,36.70682],[-119.77267,36.70682],[-119.77288,36.70682],[-119.77292,36.70682],[-119.77307,36.70682],[-119.77358,36.70683],[-119.77383,36.70684],[-119.77419,36.70687],[-119.77407,36.70676],[-119.77228,36.7049],[-119.77238,36.70487],[-119.77265,36.7048],[-119.77291,36.70484],[-119.77283,36.70469],[-119.77275,36.70451],[-119.77272,36.70437],[-119.77271,36.70433],[-119.77269,36.70418],[-119.77269,36.70403],[-119.77267,36.70127],[-119.77267,36.70055],[-119.77264,36.70045],[-119.77268,36.69963],[-119.77291,36.69964],[-119.7761,36.69962],[-119.78175,36.69957],[-119.78173,36.6978],[-119.78173,36.69755],[-119.78173,36.69682],[-119.78172,36.69658],[-119.78172,36.69622],[-119.78173,36.69514],[-119.78173,36.69478],[-119.78173,36.69427],[-119.78173,36.69275],[-119.78173,36.69225],[-119.78067,36.69225],[-119.7775,36.69226],[-119.77644,36.69226],[-119.7757,36.69226],[-119.77346,36.69228],[-119.77298,36.69229],[-119.77271,36.69226],[-119.7727,36.69207],[-119.77271,36.6914],[-119.77273,36.68881],[-119.77273,36.68795],[-119.77273,36.68769],[-119.77274,36.68694],[-119.77274,36.68692],[-119.77274,36.68669],[-119.77305,36.68671],[-119.77327,36.68669],[-119.77394,36.68665],[-119.77561,36.68656],[-119.77594,36.68657],[-119.77614,36.68659],[-119.77645,36.68665],[-119.77692,36.68677],[-119.77721,36.68684],[-119.77724,36.68676],[-119.77719,36.6779],[-119.77732,36.6779],[-119.7773,36.67782],[-119.77726,36.67762],[-119.77726,36.67422],[-119.77726,36.67331],[-119.77724,36.67313],[-119.77719,36.67262],[-119.77718,36.67245],[-119.77727,36.67244],[-119.77727,36.6706],[-119.77731,36.66753],[-119.77733,36.66698],[-119.77802,36.66698],[-119.77996,36.66698],[-119.78177,36.66698],[-119.78177,36.66625],[-119.78177,36.66506],[-119.78178,36.66406],[-119.78179,36.66372],[-119.78177,36.66349],[-119.78178,36.66333],[-119.78178,36.66187],[-119.78178,36.65968],[-119.78178,36.65749],[-119.78178,36.65604],[-119.77997,36.65604],[-119.77905,36.65605],[-119.77456,36.65606],[-119.77276,36.65607],[-119.77276,36.65461],[-119.77277,36.65025],[-119.77278,36.64879],[-119.77379,36.64879],[-119.77682,36.64878],[-119.7773,36.64878],[-119.77784,36.64878],[-119.77863,36.64878],[-119.77947,36.64878],[-119.77961,36.64877],[-119.77959,36.64697],[-119.7799,36.64264],[-119.78181,36.64218],[-119.78181,36.64151],[-119.78263,36.64151],[-119.78507,36.64152],[-119.78556,36.64152],[-119.78556,36.64119],[-119.78563,36.63997],[-119.7858,36.63811],[-119.7858,36.63785],[-119.7858,36.6372],[-119.7858,36.63695],[-119.78581,36.63581],[-119.78582,36.63549],[-119.78581,36.63518],[-119.78581,36.63426],[-119.78585,36.627],[-119.78584,36.62667],[-119.7858,36.61975],[-119.78583,36.61716],[-119.78582,36.60949],[-119.78584,36.60526],[-119.7858,36.60196],[-119.78584,36.59799],[-119.78583,36.59077],[-119.78586,36.58581],[-119.78587,36.58351],[-119.78588,36.57921],[-119.78591,36.57628],[-119.7859,36.57604],[-119.78592,36.57073],[-119.78591,36.56909],[-119.7859,36.56841],[-119.78586,36.56187],[-119.78605,36.56187],[-119.78624,36.56187],[-119.78627,36.55465],[-119.78627,36.55439],[-119.78628,36.5536],[-119.78628,36.55334],[-119.78627,36.55042],[-119.78629,36.54734],[-119.78635,36.54014],[-119.78638,36.53726]]]},"properties":{"ZCTA5":"93725"}},{"type":"Feature","geometry":{"type":"MultiPolygon","coordinates":[[[[-119.81562,36.83952],[-119.81562,36.83889],[-119.81509,36.83889],[-119.81298,36.8389],[-119.81299,36.83885],[-119.81306,36.83847],[-119.81305,36.8383],[-119.81305,36.8381],[-119.81306,36.83753],[-119.81305,36.83735],[-119.81305,36.83729],[-119.81304,36.83722],[-119.81303,36.83707],[-119.81303,36.83701],[-119.81302,36.83701],[-119.81277,36.83701],[-119.812,36.837],[-119.81174,36.837],[-119.81172,36.837],[-119.81152,36.83701],[-119.81085,36.83701],[-119.81063,36.83701],[-119.81023,36.83702],[-119.81016,36.83702],[-119.80876,36.83701],[-119.80829,36.83701],[-119.80777,36.83701],[-119.80623,36.83702],[-119.80571,36.83702],[-119.80495,36.83703],[-119.80265,36.83704],[-119.80188,36.83705],[-119.79958,36.83705],[-119.79948,36.83705],[-119.79924,36.83705],[-119.79891,36.83706],[-119.79816,36.83707],[-119.7974,36.83709],[-119.79733,36.83709],[-119.79591,36.83712],[-119.79516,36.83714],[-119.79468,36.83715],[-119.79324,36.83718],[-119.79277,36.83719],[-119.79269,36.8372],[-119.79247,36.8372],[-119.7924,36.8372],[-119.79147,36.83722],[-119.79057,36.83724],[-119.79035,36.83725],[-119.79023,36.83725],[-119.79026,36.83867],[-119.78983,36.83869],[-119.78979,36.83881],[-119.7893,36.84038],[-119.78914,36.84091],[-119.78909,36.84108],[-119.78893,36.8416],[-119.78888,36.84177],[-119.78882,36.84195],[-119.78865,36.84249],[-119.78859,36.84267],[-119.78854,36.84285],[-119.78839,36.84338],[-119.78834,36.84356],[-119.78828,36.84376],[-119.78811,36.84438],[-119.78805,36.84458],[-119.78804,36.84462],[-119.788,36.84473],[-119.78799,36.84476],[-119.7882,36.84473],[-119.78882,36.84463],[-119.78902,36.84459],[-119.78933,36.84456],[-119.79023,36.84445],[-119.79053,36.84442],[-119.79081,36.84442],[-119.79165,36.84443],[-119.79192,36.84444],[-119.79212,36.84445],[-119.79244,36.84445],[-119.79401,36.84445],[-119.79453,36.84445],[-119.79459,36.84445],[-119.79463,36.84445],[-119.79478,36.84445],[-119.79485,36.84445],[-119.79537,36.84445],[-119.79595,36.84445],[-119.79666,36.84445],[-119.79677,36.84447],[-119.79683,36.84454],[-119.79686,36.84459],[-119.7969,36.84464],[-119.79712,36.84459],[-119.79735,36.84453],[-119.79754,36.8445],[-119.7978,36.84449],[-119.79781,36.84449],[-119.79804,36.84448],[-119.79915,36.84448],[-119.7996,36.84448],[-119.80005,36.84447],[-119.80139,36.84445],[-119.80184,36.84445],[-119.80184,36.84426],[-119.80184,36.84369],[-119.80184,36.8435],[-119.80201,36.84332],[-119.80272,36.84331],[-119.80272,36.84312],[-119.80386,36.84312],[-119.80425,36.84293],[-119.8054,36.84359],[-119.80731,36.84141],[-119.80615,36.84075],[-119.80622,36.8406],[-119.80648,36.84063],[-119.80804,36.84066],[-119.80811,36.84066],[-119.80976,36.8407],[-119.80974,36.8382],[-119.81015,36.83818],[-119.81019,36.83818],[-119.81065,36.83817],[-119.81065,36.83853],[-119.81065,36.83962],[-119.81066,36.83998],[-119.81065,36.8402],[-119.81064,36.8407],[-119.81064,36.84084],[-119.81064,36.84106],[-119.81064,36.84122],[-119.81065,36.84168],[-119.81065,36.84184],[-119.81065,36.84197],[-119.81065,36.84215],[-119.81066,36.84238],[-119.81066,36.84248],[-119.81067,36.84251],[-119.8107,36.84257],[-119.81076,36.84259],[-119.81086,36.84261],[-119.81093,36.84261],[-119.81183,36.84261],[-119.81213,36.84261],[-119.81248,36.84261],[-119.8128,36.84264],[-119.81308,36.84271],[-119.81328,36.84278],[-119.81343,36.84284],[-119.81366,36.84298],[-119.81381,36.84286],[-119.81388,36.84274],[-119.81393,36.84263],[-119.81394,36.84242],[-119.81393,36.84188],[-119.81393,36.84181],[-119.81393,36.84164],[-119.81394,36.84114],[-119.81394,36.84097],[-119.81472,36.84097],[-119.81552,36.84096],[-119.81553,36.84003],[-119.81554,36.83952],[-119.81562,36.83952]]],[[[-119.79362,36.83532],[-119.79362,36.83523],[-119.79357,36.83523],[-119.79343,36.83524],[-119.79338,36.83524],[-119.79338,36.83514],[-119.79339,36.83485],[-119.79339,36.83476],[-119.79339,36.83466],[-119.7934,36.83437],[-119.7934,36.83428],[-119.7934,36.83418],[-119.79339,36.8339],[-119.79339,36.83381],[-119.79306,36.83381],[-119.79207,36.83384],[-119.79174,36.83384],[-119.79174,36.83394],[-119.79174,36.83423],[-119.79175,36.83432],[-119.79175,36.83442],[-119.79176,36.8347],[-119.79176,36.8348],[-119.79176,36.83488],[-119.79175,36.83515],[-119.79175,36.83524],[-119.7917,36.83523],[-119.79155,36.83522],[-119.7915,36.83522],[-119.7915,36.83532],[-119.7915,36.83561],[-119.7915,36.83571],[-119.79177,36.83573],[-119.79184,36.83572],[-119.79207,36.8357],[-119.79214,36.8357],[-119.79219,36.8357],[-119.79232,36.83571],[-119.79236,36.83572],[-119.79244,36.83572],[-119.79269,36.83572],[-119.79277,36.83572],[-119.79282,36.83572],[-119.793,36.83572],[-119.79305,36.83572],[-119.79312,36.83572],[-119.79334,36.83572],[-119.79341,36.83573],[-119.79345,36.83572],[-119.79357,36.83571],[-119.79361,36.83571],[-119.79361,36.83561],[-119.79362,36.83532]]],[[[-119.79673,36.83649],[-119.79674,36.83641],[-119.79673,36.83629],[-119.79671,36.83601],[-119.7967,36.83596],[-119.79669,36.83593],[-119.79661,36.83592],[-119.79656,36.83593],[-119.7965,36.83593],[-119.79645,36.83593],[-119.79601,36.83588],[-119.79585,36.83587],[-119.79599,36.83545],[-119.79609,36.83542],[-119.79612,36.83536],[-119.79615,36.83522],[-119.79613,36.835],[-119.79613,36.83492],[-119.79615,36.83467],[-119.79615,36.83459],[-119.79621,36.83451],[-119.7964,36.83428],[-119.79646,36.83421],[-119.79635,36.83416],[-119.79619,36.83409],[-119.79608,36.83405],[-119.79596,36.83403],[-119.79571,36.83402],[-119.79541,36.83402],[-119.79495,36.83402],[-119.79475,36.83402],[-119.79452,36.83401],[-119.79452,36.83411],[-119.79452,36.83441],[-119.79452,36.83452],[-119.79452,36.83462],[-119.79452,36.83493],[-119.79452,36.83504],[-119.79437,36.83512],[-119.79424,36.83514],[-119.79409,36.83515],[-119.79404,36.83514],[-119.79401,36.8351],[-119.79397,36.83492],[-119.79397,36.83532],[-119.79396,36.83652],[-119.79396,36.83692],[-119.79407,36.83692],[-119.7944,36.83691],[-119.79451,36.83691],[-119.79451,36.83602],[-119.79453,36.83585],[-119.79453,36.8358],[-119.79458,36.83569],[-119.79469,36.83574],[-119.79475,36.83577],[-119.79492,36.83582],[-119.79503,36.83584],[-119.79514,36.83586],[-119.79514,36.83597],[-119.79514,36.8363],[-119.79514,36.83641],[-119.79526,36.83641],[-119.79565,36.83642],[-119.79578,36.83643],[-119.79578,36.83651],[-119.7958,36.83678],[-119.7958,36.83687],[-119.79598,36.83686],[-119.79651,36.83683],[-119.79669,36.83682],[-119.7967,36.83674],[-119.79673,36.83649]]]]},"properties":{"ZCTA5":"93650"}},{"type":"Feature","geometry":{"type":"Polygon","coordinates":[[[-119.78965,36.89535],[-119.78969,36.89439],[-119.78955,36.89394],[-119.78952,36.89384],[-119.78921,36.89344],[-119.78909,36.89328],[-119.78885,36.89296],[-119.78879,36.89276],[-119.78873,36.89256],[-119.78815,36.8926],[-119.78767,36.89218],[-119.78727,36.89367],[-119.78718,36.89359],[-119.78706,36.89347],[-119.78701,36.89338],[-119.78698,36.8932],[-119.78697,36.89277],[-119.78696,36.89273],[-119.78695,36.89199],[-119.78693,36.8919],[-119.78679,36.89176],[-119.7865,36.89138],[-119.7863,36.89104],[-119.78621,36.89087],[-119.78617,36.89073],[-119.78617,36.8906],[-119.78622,36.8903],[-119.78625,36.89013],[-119.78625,36.8901],[-119.78623,36.88997],[-119.78614,36.88983],[-119.78585,36.88949],[-119.7854,36.88897],[-119.78525,36.88882],[-119.78511,36.88871],[-119.78501,36.88864],[-119.78489,36.88857],[-119.78469,36.88848],[-119.78456,36.88842],[-119.78412,36.88826],[-119.78394,36.88818],[-119.78381,36.88816],[-119.78366,36.88814],[-119.78287,36.88815],[-119.78207,36.88816],[-119.78155,36.88816],[-119.77901,36.88819],[-119.77879,36.88818],[-119.77849,36.88815],[-119.77841,36.88814],[-119.7785,36.88786],[-119.77861,36.88747],[-119.77863,36.88732],[-119.77865,36.88713],[-119.77866,36.88676],[-119.77865,36.88634],[-119.77861,36.88611],[-119.77857,36.88596],[-119.77833,36.8851],[-119.77823,36.88481],[-119.77816,36.88455],[-119.77812,36.88451],[-119.77802,36.88445],[-119.77795,36.88442],[-119.77781,36.8844],[-119.77761,36.88436],[-119.77793,36.88122],[-119.77794,36.88107],[-119.77824,36.87787],[-119.77827,36.87746],[-119.77836,36.87682],[-119.77877,36.87366],[-119.7788,36.8734],[-119.77883,36.87321],[-119.77892,36.87264],[-119.77892,36.87244],[-119.7786,36.87245],[-119.77852,36.87244],[-119.77821,36.87246],[-119.77808,36.87248],[-119.77773,36.87254],[-119.77741,36.87267],[-119.77683,36.87301],[-119.7764,36.87323],[-119.77606,36.87336],[-119.77576,36.87344],[-119.77522,36.87359],[-119.77495,36.87365],[-119.77478,36.87371],[-119.77477,36.87371],[-119.77438,36.87386],[-119.77428,36.87391],[-119.77412,36.87399],[-119.77388,36.87412],[-119.77369,36.87424],[-119.77352,36.87436],[-119.77307,36.87475],[-119.77262,36.87515],[-119.77233,36.8754],[-119.77222,36.87549],[-119.77218,36.87553],[-119.77212,36.87558],[-119.77162,36.87603],[-119.77117,36.87647],[-119.77101,36.87664],[-119.77082,36.87687],[-119.7707,36.87704],[-119.77063,36.87716],[-119.77038,36.87768],[-119.76979,36.87885],[-119.76951,36.87935],[-119.76904,36.88006],[-119.76878,36.88046],[-119.76832,36.8811],[-119.76634,36.88405],[-119.76626,36.88417],[-119.76612,36.88441],[-119.76603,36.88459],[-119.76599,36.88468],[-119.76591,36.88496],[-119.76589,36.88499],[-119.76583,36.88533],[-119.7658,36.88578],[-119.76579,36.88637],[-119.76579,36.88644],[-119.7658,36.88706],[-119.76579,36.8873],[-119.76579,36.88802],[-119.76579,36.88826],[-119.76388,36.88826],[-119.76198,36.88825],[-119.75668,36.88828],[-119.75661,36.88259],[-119.75663,36.88228],[-119.75669,36.88133],[-119.7567,36.88116],[-119.75665,36.88116],[-119.75665,36.88102],[-119.75644,36.88104],[-119.75565,36.88112],[-119.75539,36.88115],[-119.75531,36.88115],[-119.75509,36.88115],[-119.75502,36.88115],[-119.75466,36.88115],[-119.75359,36.88114],[-119.75323,36.88114],[-119.75309,36.88115],[-119.75303,36.88114],[-119.75244,36.88114],[-119.75225,36.88114],[-119.75206,36.88114],[-119.75161,36.88114],[-119.7513,36.88114],[-119.75047,36.88114],[-119.74845,36.88112],[-119.7475,36.88111],[-119.74704,36.88112],[-119.74565,36.88115],[-119.74518,36.88117],[-119.74485,36.88117],[-119.7439,36.88119],[-119.74383,36.88119],[-119.74364,36.8812],[-119.7435,36.8812],[-119.74343,36.8812],[-119.74324,36.8812],[-119.74317,36.88121],[-119.74315,36.88121],[-119.74312,36.88121],[-119.74308,36.88121],[-119.74305,36.88121],[-119.74291,36.88121],[-119.74267,36.88122],[-119.74202,36.88123],[-119.74153,36.88124],[-119.74115,36.88124],[-119.74103,36.88125],[-119.74092,36.88125],[-119.74052,36.88126],[-119.7403,36.88127],[-119.74025,36.88127],[-119.74008,36.88127],[-119.74002,36.88127],[-119.73996,36.88127],[-119.73977,36.88128],[-119.73909,36.88129],[-119.73902,36.88129],[-119.73877,36.8813],[-119.73872,36.8813],[-119.73857,36.8813],[-119.73852,36.8813],[-119.7376,36.88131],[-119.73634,36.88132],[-119.73619,36.88133],[-119.73486,36.88135],[-119.73483,36.88135],[-119.73395,36.88136],[-119.73367,36.88136],[-119.73315,36.88136],[-119.73282,36.88136],[-119.73076,36.8814],[-119.72997,36.88142],[-119.72995,36.88142],[-119.7299,36.88142],[-119.72989,36.88142],[-119.7299,36.88211],[-119.7299,36.8824],[-119.72989,36.88274],[-119.72988,36.88417],[-119.72988,36.88487],[-119.72988,36.88552],[-119.72987,36.88747],[-119.72986,36.88807],[-119.72986,36.88812],[-119.72986,36.88816],[-119.72986,36.88824],[-119.72986,36.88844],[-119.72986,36.88859],[-119.72986,36.88871],[-119.72993,36.88871],[-119.73018,36.88872],[-119.73804,36.88857],[-119.73873,36.88853],[-119.73873,36.88857],[-119.73872,36.88871],[-119.73872,36.88876],[-119.73872,36.88889],[-119.73871,36.88898],[-119.73871,36.88918],[-119.73871,36.8893],[-119.73871,36.88943],[-119.7387,36.88956],[-119.7387,36.88969],[-119.7387,36.88983],[-119.73871,36.88997],[-119.73871,36.89011],[-119.73871,36.89025],[-119.73871,36.8904],[-119.73871,36.89054],[-119.73872,36.89068],[-119.73872,36.89082],[-119.73872,36.89095],[-119.73872,36.8912],[-119.73872,36.89143],[-119.73872,36.89154],[-119.73872,36.89159],[-119.73671,36.89163],[-119.73672,36.89366],[-119.73768,36.89364],[-119.73767,36.89377],[-119.73856,36.89376],[-119.73856,36.89389],[-119.7387,36.89389],[-119.73869,36.89417],[-119.73849,36.89426],[-119.73848,36.89446],[-119.73848,36.89473],[-119.73881,36.89475],[-119.7389,36.89474],[-119.74081,36.8947],[-119.7408,36.89525],[-119.74117,36.89524],[-119.74117,36.89574],[-119.74064,36.89577],[-119.7402,36.89579],[-119.73994,36.8958],[-119.73973,36.89581],[-119.73915,36.89582],[-119.73889,36.89583],[-119.73863,36.89584],[-119.73851,36.89585],[-119.738,36.89585],[-119.73765,36.89586],[-119.7371,36.89588],[-119.73663,36.8959],[-119.73543,36.89592],[-119.73379,36.89596],[-119.73174,36.896],[-119.73114,36.89601],[-119.72996,36.89605],[-119.7299,36.89605],[-119.72992,36.89696],[-119.72994,36.89871],[-119.72995,36.8997],[-119.72995,36.90036],[-119.72998,36.90061],[-119.73,36.90071],[-119.73002,36.90082],[-119.73008,36.90103],[-119.7301,36.90107],[-119.73019,36.90128],[-119.73027,36.90146],[-119.73046,36.90177],[-119.73069,36.90206],[-119.73086,36.90226],[-119.73116,36.90263],[-119.7315,36.90303],[-119.73162,36.90318],[-119.7317,36.9033],[-119.73182,36.90347],[-119.73195,36.90369],[-119.73199,36.90378],[-119.73206,36.90393],[-119.73213,36.90412],[-119.7322,36.90444],[-119.73225,36.90469],[-119.73227,36.90503],[-119.73225,36.9053],[-119.73223,36.90545],[-119.73221,36.90551],[-119.7322,36.90561],[-119.73216,36.90575],[-119.73215,36.90577],[-119.73206,36.90602],[-119.73194,36.90629],[-119.73182,36.90651],[-119.73179,36.90655],[-119.73171,36.90667],[-119.73151,36.90689],[-119.73128,36.90715],[-119.73028,36.9082],[-119.73018,36.9083],[-119.73008,36.90841],[-119.73,36.90848],[-119.72987,36.90863],[-119.72956,36.90892],[-119.7293,36.90921],[-119.7291,36.90948],[-119.72892,36.90974],[-119.72875,36.91003],[-119.72856,36.91051],[-119.73209,36.91043],[-119.73408,36.91039],[-119.73414,36.91175],[-119.73421,36.91357],[-119.7343,36.91587],[-119.73416,36.91587],[-119.73315,36.91592],[-119.73148,36.91775],[-119.73175,36.9182],[-119.7321,36.91886],[-119.73213,36.91892],[-119.73258,36.91972],[-119.73285,36.92025],[-119.73287,36.92028],[-119.73287,36.92029],[-119.7329,36.92038],[-119.73291,36.92042],[-119.73292,36.92044],[-119.73295,36.92052],[-119.73296,36.92054],[-119.73296,36.92057],[-119.73299,36.92067],[-119.733,36.9207],[-119.73301,36.92075],[-119.73306,36.92089],[-119.73306,36.92091],[-119.73308,36.92094],[-119.73317,36.92115],[-119.73326,36.9213],[-119.73332,36.92153],[-119.73329,36.92172],[-119.73326,36.92202],[-119.73324,36.92226],[-119.73329,36.9224],[-119.73325,36.92324],[-119.73327,36.9238],[-119.73326,36.92398],[-119.73325,36.92416],[-119.73322,36.92446],[-119.73318,36.92475],[-119.73311,36.92508],[-119.73296,36.92557],[-119.73264,36.9263],[-119.73168,36.9284],[-119.73159,36.92862],[-119.73102,36.92983],[-119.73094,36.92998],[-119.73081,36.93022],[-119.73073,36.93042],[-119.73066,36.93057],[-119.73053,36.93088],[-119.73041,36.93129],[-119.73038,36.93138],[-119.73027,36.93186],[-119.73025,36.93209],[-119.73024,36.9323],[-119.73025,36.93357],[-119.73026,36.93421],[-119.73026,36.93427],[-119.73026,36.93434],[-119.73106,36.93427],[-119.73193,36.93448],[-119.73213,36.9345],[-119.73223,36.93451],[-119.73233,36.93452],[-119.73234,36.9345],[-119.73253,36.9345],[-119.73255,36.93451],[-119.73272,36.93449],[-119.73293,36.93436],[-119.73309,36.93429],[-119.73316,36.93425],[-119.7333,36.93418],[-119.73343,36.93407],[-119.73347,36.93403],[-119.73348,36.93397],[-119.73355,36.93391],[-119.73364,36.93375],[-119.7339,36.93343],[-119.73404,36.93333],[-119.7342,36.93327],[-119.73435,36.93327],[-119.73448,36.93328],[-119.73461,36.93329],[-119.7347,36.93331],[-119.7348,36.93333],[-119.73491,36.93315],[-119.73511,36.93307],[-119.73543,36.93306],[-119.73584,36.9332],[-119.73607,36.93346],[-119.73633,36.93343],[-119.73659,36.93346],[-119.73665,36.93346],[-119.73685,36.93349],[-119.73693,36.93351],[-119.73716,36.93356],[-119.73737,36.93372],[-119.73742,36.93376],[-119.73749,36.93374],[-119.73752,36.93372],[-119.7376,36.9337],[-119.73773,36.9337],[-119.738,36.93373],[-119.73815,36.93365],[-119.73822,36.93364],[-119.73834,36.93359],[-119.73845,36.93359],[-119.73853,36.93362],[-119.73858,36.93362],[-119.73863,36.93363],[-119.73869,36.93367],[-119.73882,36.93382],[-119.73894,36.93397],[-119.73897,36.93404],[-119.73897,36.9341],[-119.73896,36.93415],[-119.73898,36.93416],[-119.73903,36.93416],[-119.73923,36.93409],[-119.73934,36.93405],[-119.73966,36.93401],[-119.73988,36.93401],[-119.74,36.93402],[-119.74026,36.93403],[-119.74029,36.93399],[-119.74035,36.93398],[-119.74045,36.93398],[-119.74069,36.93403],[-119.74074,36.93403],[-119.74076,36.93402],[-119.74084,36.93399],[-119.74088,36.934],[-119.74098,36.93402],[-119.74105,36.93402],[-119.74115,36.93398],[-119.74134,36.93395],[-119.74139,36.93392],[-119.74159,36.93371],[-119.74177,36.93355],[-119.74188,36.93345],[-119.74208,36.93334],[-119.74217,36.93336],[-119.74224,36.93336],[-119.74248,36.93324],[-119.7426,36.93321],[-119.74277,36.93312],[-119.743,36.93302],[-119.7432,36.93298],[-119.7432,36.93293],[-119.74318,36.93291],[-119.74314,36.93271],[-119.74315,36.93269],[-119.74315,36.93266],[-119.74322,36.93259],[-119.74321,36.93256],[-119.74323,36.93255],[-119.74323,36.93241],[-119.74327,36.93221],[-119.74331,36.93217],[-119.74344,36.93209],[-119.74355,36.93208],[-119.74357,36.9321],[-119.74391,36.93206],[-119.74416,36.93184],[-119.74421,36.93181],[-119.74424,36.93177],[-119.74427,36.93167],[-119.74427,36.9316],[-119.74424,36.93153],[-119.74409,36.93136],[-119.74405,36.93112],[-119.74407,36.93111],[-119.74408,36.931],[-119.74399,36.9309],[-119.74398,36.93086],[-119.74398,36.93081],[-119.74398,36.9308],[-119.74404,36.93073],[-119.74494,36.93044],[-119.7452,36.93041],[-119.74545,36.93039],[-119.74599,36.93052],[-119.74622,36.93114],[-119.74615,36.93134],[-119.74599,36.93147],[-119.74599,36.93155],[-119.74604,36.9317],[-119.74608,36.9319],[-119.7462,36.93199],[-119.74636,36.93203],[-119.74638,36.93204],[-119.74641,36.93203],[-119.74643,36.93206],[-119.74648,36.9322],[-119.74652,36.93221],[-119.74654,36.93238],[-119.74653,36.9324],[-119.74658,36.93287],[-119.7466,36.93289],[-119.74662,36.93308],[-119.74664,36.93309],[-119.74664,36.93314],[-119.74656,36.93355],[-119.74655,36.9336],[-119.74654,36.93361],[-119.74654,36.93365],[-119.74648,36.93375],[-119.74645,36.93383],[-119.7464,36.93389],[-119.74635,36.93402],[-119.74632,36.93402],[-119.74627,36.93408],[-119.74619,36.93423],[-119.74604,36.93457],[-119.74601,36.93459],[-119.74587,36.93499],[-119.74581,36.93499],[-119.74579,36.93513],[-119.74577,36.93516],[-119.7457,36.93533],[-119.74573,36.93534],[-119.74563,36.9355],[-119.7455,36.93597],[-119.74549,36.93598],[-119.74546,36.93625],[-119.74546,36.93669],[-119.74548,36.93671],[-119.74548,36.93672],[-119.7455,36.93687],[-119.74548,36.93688],[-119.74554,36.93703],[-119.74554,36.93709],[-119.7456,36.93722],[-119.74567,36.93729],[-119.74586,36.93741],[-119.7461,36.93744],[-119.74676,36.93745],[-119.74699,36.93751],[-119.7471,36.93756],[-119.74716,36.93766],[-119.74715,36.93786],[-119.74712,36.93797],[-119.7471,36.93798],[-119.74711,36.93816],[-119.74714,36.93827],[-119.74717,36.93835],[-119.7472,36.93843],[-119.74799,36.93816],[-119.74802,36.93815],[-119.74866,36.93754],[-119.75013,36.93694],[-119.75027,36.93689],[-119.75084,36.9365],[-119.75123,36.93619],[-119.75157,36.93589],[-119.75197,36.9359],[-119.75206,36.9359],[-119.75219,36.93574],[-119.75237,36.93547],[-119.75253,36.93522],[-119.75276,36.93372],[-119.75227,36.93262],[-119.75167,36.93213],[-119.751,36.93178],[-119.75038,36.93055],[-119.75035,36.93048],[-119.75033,36.92899],[-119.75024,36.92864],[-119.75025,36.92859],[-119.75026,36.92829],[-119.75039,36.9278],[-119.75075,36.92726],[-119.75109,36.92688],[-119.75151,36.92646],[-119.75205,36.92567],[-119.75249,36.92499],[-119.7527,36.92443],[-119.75288,36.92431],[-119.75296,36.92426],[-119.75303,36.92421],[-119.75311,36.9241],[-119.75318,36.92398],[-119.75333,36.92384],[-119.75344,36.92371],[-119.75369,36.9235],[-119.75373,36.9235],[-119.75407,36.92321],[-119.75438,36.92293],[-119.7546,36.92271],[-119.75495,36.92245],[-119.7552,36.92233],[-119.75527,36.92231],[-119.75545,36.92221],[-119.75563,36.92208],[-119.75582,36.92197],[-119.75597,36.9219],[-119.75611,36.92179],[-119.75622,36.92169],[-119.7563,36.92163],[-119.75657,36.9215],[-119.75664,36.92148],[-119.75674,36.92142],[-119.7569,36.9213],[-119.75703,36.92118],[-119.75738,36.92103],[-119.75745,36.92099],[-119.75748,36.92098],[-119.75763,36.92091],[-119.75786,36.92075],[-119.75839,36.92041],[-119.75851,36.92034],[-119.75873,36.92024],[-119.75896,36.92022],[-119.75897,36.92023],[-119.75914,36.92024],[-119.75925,36.92023],[-119.75971,36.92014],[-119.75986,36.92014],[-119.76006,36.9202],[-119.76009,36.9202],[-119.76014,36.92022],[-119.7602,36.92021],[-119.76022,36.92022],[-119.76045,36.92023],[-119.76081,36.92023],[-119.76083,36.92022],[-119.76105,36.92022],[-119.76126,36.9202],[-119.76128,36.9202],[-119.76135,36.92021],[-119.76154,36.9202],[-119.76187,36.92016],[-119.76232,36.92001],[-119.76277,36.91975],[-119.76329,36.91957],[-119.76612,36.91882],[-119.77274,36.9186],[-119.77431,36.91476],[-119.77546,36.90981],[-119.77559,36.90927],[-119.77562,36.9092],[-119.77566,36.90913],[-119.78768,36.89843],[-119.78833,36.89788],[-119.78842,36.89784],[-119.78875,36.89771],[-119.78901,36.8975],[-119.78931,36.89671],[-119.78935,36.89655],[-119.78936,36.8965],[-119.78939,36.89641],[-119.7894,36.89635],[-119.78941,36.8963],[-119.78956,36.89571],[-119.78965,36.89535]]]},"properties":{"ZCTA5":"93730"}},{"type":"Feature","geometry":{"type":"Polygon","coordinates":[[[-119.7969,36.84464],[-119.79686,36.84459],[-119.79683,36.84454],[-119.79677,36.84447],[-119.79666,36.84445],[-119.79595,36.84445],[-119.79537,36.84445],[-119.79485,36.84445],[-119.79478,36.84445],[-119.79463,36.84445],[-119.79459,36.84445],[-119.79453,36.84445],[-119.79401,36.84445],[-119.79244,36.84445],[-119.79212,36.84445],[-119.79192,36.84444],[-119.79165,36.84443],[-119.79081,36.84442],[-119.79053,36.84442],[-119.79023,36.84445],[-119.78933,36.84456],[-119.78902,36.84459],[-119.78882,36.84463],[-119.7882,36.84473],[-119.78799,36.84476],[-119.788,36.84473],[-119.78804,36.84462],[-119.78805,36.84458],[-119.78811,36.84438],[-119.78828,36.84376],[-119.78834,36.84356],[-119.78839,36.84338],[-119.78854,36.84285],[-119.78859,36.84267],[-119.78865,36.84249],[-119.78882,36.84195],[-119.78888,36.84177],[-119.78893,36.8416],[-119.78909,36.84108],[-119.78914,36.84091],[-119.7893,36.84038],[-119.78979,36.83881],[-119.78983,36.83869],[-119.79026,36.83867],[-119.79023,36.83725],[-119.78792,36.83743],[-119.78736,36.83743],[-119.78732,36.83744],[-119.78688,36.83744],[-119.78641,36.83744],[-119.78635,36.83744],[-119.78537,36.83749],[-119.78528,36.83749],[-119.7852,36.83749],[-119.78487,36.83748],[-119.78478,36.83748],[-119.78475,36.83748],[-119.78468,36.83747],[-119.78419,36.83743],[-119.78357,36.83744],[-119.78327,36.83745],[-119.78286,36.83745],[-119.78162,36.83745],[-119.78121,36.83745],[-119.78082,36.83743],[-119.77965,36.83737],[-119.77926,36.83735],[-119.77881,36.83734],[-119.77749,36.8373],[-119.77705,36.83728],[-119.77661,36.83728],[-119.77529,36.83728],[-119.77486,36.83728],[-119.77483,36.83728],[-119.77476,36.83728],[-119.77474,36.83728],[-119.77423,36.83728],[-119.77271,36.83729],[-119.7722,36.83729],[-119.77222,36.8371],[-119.77222,36.83707],[-119.77222,36.83642],[-119.77222,36.8362],[-119.77171,36.8362],[-119.77025,36.8362],[-119.77018,36.8362],[-119.76967,36.8362],[-119.76906,36.8362],[-119.76888,36.8362],[-119.76861,36.83618],[-119.76827,36.83612],[-119.7679,36.83611],[-119.76768,36.83613],[-119.76758,36.83619],[-119.76748,36.8363],[-119.76739,36.83644],[-119.76727,36.83665],[-119.76727,36.83702],[-119.76471,36.83707],[-119.76436,36.83707],[-119.76416,36.83707],[-119.76391,36.837],[-119.76371,36.83694],[-119.76361,36.83692],[-119.76351,36.8369],[-119.76344,36.83692],[-119.76339,36.83695],[-119.76335,36.83699],[-119.76333,36.83706],[-119.76334,36.83731],[-119.76315,36.83731],[-119.76233,36.83731],[-119.75986,36.83732],[-119.75904,36.83733],[-119.75673,36.83733],[-119.75453,36.83752],[-119.75417,36.83754],[-119.75416,36.83735],[-119.75413,36.83735],[-119.7534,36.83734],[-119.75288,36.83734],[-119.75175,36.83735],[-119.75096,36.83736],[-119.75026,36.8374],[-119.74904,36.83747],[-119.7481,36.83752],[-119.74776,36.83754],[-119.7477,36.83754],[-119.74752,36.83755],[-119.74724,36.83755],[-119.74589,36.83758],[-119.74567,36.83758],[-119.74555,36.83758],[-119.74515,36.83759],[-119.74402,36.83759],[-119.7406,36.8376],[-119.73946,36.83761],[-119.7393,36.83761],[-119.73883,36.83761],[-119.73867,36.83761],[-119.73863,36.83761],[-119.73852,36.83761],[-119.73848,36.83761],[-119.73833,36.83761],[-119.73804,36.83761],[-119.73787,36.83761],[-119.73772,36.83761],[-119.73753,36.83761],[-119.73696,36.83761],[-119.73677,36.83761],[-119.73674,36.83761],[-119.73664,36.83761],[-119.73625,36.83761],[-119.73612,36.8376],[-119.7348,36.8376],[-119.73416,36.8376],[-119.73086,36.83759],[-119.72987,36.83759],[-119.72955,36.83759],[-119.72955,36.83832],[-119.72955,36.83862],[-119.72957,36.84049],[-119.72957,36.84087],[-119.72958,36.84101],[-119.72958,36.84122],[-119.72987,36.84121],[-119.72994,36.84121],[-119.73103,36.8412],[-119.7314,36.8412],[-119.73174,36.8412],[-119.73196,36.8412],[-119.73276,36.8412],[-119.7331,36.8412],[-119.73417,36.84121],[-119.73422,36.84121],[-119.73756,36.84124],[-119.73868,36.84125],[-119.73873,36.84144],[-119.73874,36.84147],[-119.73876,36.84187],[-119.73876,36.842],[-119.73876,36.84219],[-119.73876,36.8424],[-119.73876,36.8426],[-119.73875,36.8429],[-119.73876,36.84385],[-119.73876,36.84426],[-119.73876,36.84431],[-119.73875,36.84446],[-119.73875,36.84451],[-119.73875,36.84456],[-119.73874,36.84465],[-119.73575,36.84473],[-119.73366,36.84475],[-119.73308,36.84475],[-119.73308,36.84482],[-119.73275,36.84482],[-119.73252,36.84482],[-119.73198,36.84482],[-119.73174,36.84482],[-119.73141,36.84482],[-119.73128,36.84482],[-119.73096,36.84482],[-119.73092,36.84482],[-119.7308,36.84482],[-119.73057,36.84483],[-119.72992,36.84483],[-119.72986,36.84483],[-119.72962,36.84483],[-119.72961,36.84491],[-119.72962,36.84513],[-119.72964,36.84604],[-119.72964,36.84634],[-119.72965,36.84678],[-119.72967,36.84764],[-119.72967,36.84774],[-119.72967,36.84808],[-119.72968,36.84851],[-119.72968,36.84894],[-119.72968,36.84942],[-119.73132,36.84941],[-119.73132,36.85043],[-119.73134,36.85215],[-119.72993,36.85215],[-119.72972,36.85215],[-119.72971,36.85223],[-119.72975,36.85463],[-119.72975,36.85518],[-119.72975,36.8557],[-119.72975,36.85652],[-119.72975,36.85948],[-119.72976,36.85948],[-119.7298,36.85948],[-119.72981,36.85948],[-119.72985,36.85948],[-119.72997,36.85949],[-119.73001,36.85949],[-119.73003,36.85949],[-119.73008,36.85949],[-119.7301,36.85949],[-119.73021,36.85949],[-119.73033,36.85949],[-119.73035,36.85949],[-119.73102,36.85947],[-119.73115,36.85947],[-119.73116,36.85964],[-119.73118,36.86004],[-119.73168,36.86004],[-119.73169,36.86125],[-119.7317,36.86272],[-119.73301,36.86271],[-119.73369,36.86271],[-119.7337,36.86185],[-119.7337,36.86095],[-119.73372,36.86004],[-119.73306,36.86005],[-119.73302,36.85946],[-119.73359,36.85945],[-119.73427,36.85944],[-119.73531,36.85942],[-119.73549,36.85942],[-119.7358,36.85943],[-119.73589,36.85942],[-119.73611,36.85942],[-119.73751,36.8594],[-119.73752,36.85993],[-119.73813,36.85994],[-119.73813,36.86064],[-119.73813,36.86133],[-119.73877,36.86133],[-119.73877,36.86207],[-119.73877,36.86218],[-119.73877,36.86289],[-119.73877,36.86341],[-119.73809,36.86341],[-119.73685,36.86343],[-119.735,36.86344],[-119.73487,36.86344],[-119.73482,36.86346],[-119.7348,36.86348],[-119.73478,36.86353],[-119.73477,36.86365],[-119.73435,36.86365],[-119.73443,36.86669],[-119.73427,36.8667],[-119.73368,36.86671],[-119.73362,36.86671],[-119.73345,36.86672],[-119.73339,36.86672],[-119.73297,36.86673],[-119.7317,36.86676],[-119.73127,36.86677],[-119.73099,36.86677],[-119.73012,36.86679],[-119.72984,36.8668],[-119.72979,36.8668],[-119.72979,36.86737],[-119.72979,36.86795],[-119.7298,36.86908],[-119.7298,36.86965],[-119.72981,36.87054],[-119.72984,36.87322],[-119.72984,36.87362],[-119.72983,36.87411],[-119.72982,36.87557],[-119.72981,36.87784],[-119.72986,36.87996],[-119.72989,36.88142],[-119.7299,36.88142],[-119.72995,36.88142],[-119.72997,36.88142],[-119.73076,36.8814],[-119.73282,36.88136],[-119.73315,36.88136],[-119.73367,36.88136],[-119.73395,36.88136],[-119.73483,36.88135],[-119.73486,36.88135],[-119.73619,36.88133],[-119.73634,36.88132],[-119.7376,36.88131],[-119.73852,36.8813],[-119.73857,36.8813],[-119.73872,36.8813],[-119.73877,36.8813],[-119.73902,36.88129],[-119.73909,36.88129],[-119.73977,36.88128],[-119.73996,36.88127],[-119.74002,36.88127],[-119.74008,36.88127],[-119.74025,36.88127],[-119.7403,36.88127],[-119.74052,36.88126],[-119.74092,36.88125],[-119.74103,36.88125],[-119.74115,36.88124],[-119.74153,36.88124],[-119.74202,36.88123],[-119.74267,36.88122],[-119.74291,36.88121],[-119.74305,36.88121],[-119.74308,36.88121],[-119.74312,36.88121],[-119.74315,36.88121],[-119.74317,36.88121],[-119.74324,36.8812],[-119.74343,36.8812],[-119.7435,36.8812],[-119.74364,36.8812],[-119.74383,36.88119],[-119.7439,36.88119],[-119.74485,36.88117],[-119.74518,36.88117],[-119.74565,36.88115],[-119.74704,36.88112],[-119.7475,36.88111],[-119.74845,36.88112],[-119.75047,36.88114],[-119.7513,36.88114],[-119.75161,36.88114],[-119.75206,36.88114],[-119.75225,36.88114],[-119.75244,36.88114],[-119.75303,36.88114],[-119.75309,36.88115],[-119.75323,36.88114],[-119.75359,36.88114],[-119.75466,36.88115],[-119.75502,36.88115],[-119.75509,36.88115],[-119.75531,36.88115],[-119.75539,36.88115],[-119.75565,36.88112],[-119.75644,36.88104],[-119.75665,36.88102],[-119.75665,36.88116],[-119.7567,36.88116],[-119.75669,36.88133],[-119.75663,36.88228],[-119.75661,36.88259],[-119.75668,36.88828],[-119.76198,36.88825],[-119.76388,36.88826],[-119.76579,36.88826],[-119.76579,36.88802],[-119.76579,36.8873],[-119.7658,36.88706],[-119.76579,36.88644],[-119.76579,36.88637],[-119.7658,36.88578],[-119.76583,36.88533],[-119.76589,36.88499],[-119.76591,36.88496],[-119.76599,36.88468],[-119.76603,36.88459],[-119.76612,36.88441],[-119.76626,36.88417],[-119.76634,36.88405],[-119.76832,36.8811],[-119.76878,36.88046],[-119.76904,36.88006],[-119.76951,36.87935],[-119.76979,36.87885],[-119.77038,36.87768],[-119.77063,36.87716],[-119.7707,36.87704],[-119.77082,36.87687],[-119.77101,36.87664],[-119.77117,36.87647],[-119.77162,36.87603],[-119.77212,36.87558],[-119.77218,36.87553],[-119.77222,36.87549],[-119.77233,36.8754],[-119.77262,36.87515],[-119.77307,36.87475],[-119.77352,36.87436],[-119.77369,36.87424],[-119.77388,36.87412],[-119.77412,36.87399],[-119.77428,36.87391],[-119.77438,36.87386],[-119.77477,36.87371],[-119.77478,36.87371],[-119.77495,36.87365],[-119.77522,36.87359],[-119.77576,36.87344],[-119.77606,36.87336],[-119.7764,36.87323],[-119.77683,36.87301],[-119.77741,36.87267],[-119.77773,36.87254],[-119.77808,36.87248],[-119.77821,36.87246],[-119.77852,36.87244],[-119.7786,36.87245],[-119.77892,36.87244],[-119.77892,36.87264],[-119.77883,36.87321],[-119.7788,36.8734],[-119.77877,36.87366],[-119.77836,36.87682],[-119.77827,36.87746],[-119.77824,36.87787],[-119.77794,36.88107],[-119.77793,36.88122],[-119.77761,36.88436],[-119.77781,36.8844],[-119.77795,36.88442],[-119.77802,36.88445],[-119.77812,36.88451],[-119.77816,36.88455],[-119.77823,36.88481],[-119.77833,36.8851],[-119.77857,36.88596],[-119.77861,36.88611],[-119.77865,36.88634],[-119.77866,36.88676],[-119.77865,36.88713],[-119.77863,36.88732],[-119.77861,36.88747],[-119.7785,36.88786],[-119.77841,36.88814],[-119.77849,36.88815],[-119.77879,36.88818],[-119.77901,36.88819],[-119.78155,36.88816],[-119.78207,36.88816],[-119.78287,36.88815],[-119.78366,36.88814],[-119.78381,36.88816],[-119.78394,36.88818],[-119.78412,36.88826],[-119.78456,36.88842],[-119.78469,36.88848],[-119.78489,36.88857],[-119.78501,36.88864],[-119.78511,36.88871],[-119.78525,36.88882],[-119.7854,36.88897],[-119.78585,36.88949],[-119.78614,36.88983],[-119.78623,36.88997],[-119.78625,36.8901],[-119.78625,36.89013],[-119.78622,36.8903],[-119.78617,36.8906],[-119.78617,36.89073],[-119.78621,36.89087],[-119.7863,36.89104],[-119.7865,36.89138],[-119.78679,36.89176],[-119.78693,36.8919],[-119.78695,36.89199],[-119.78696,36.89273],[-119.78697,36.89277],[-119.78698,36.8932],[-119.78701,36.89338],[-119.78706,36.89347],[-119.78718,36.89359],[-119.78727,36.89367],[-119.78767,36.89218],[-119.78815,36.8926],[-119.78873,36.89256],[-119.7885,36.89185],[-119.78847,36.89081],[-119.78842,36.89011],[-119.78908,36.89011],[-119.78855,36.88942],[-119.78838,36.88913],[-119.78793,36.88846],[-119.78786,36.8882],[-119.7877,36.88784],[-119.78744,36.88754],[-119.78727,36.88732],[-119.78681,36.8869],[-119.7864,36.88658],[-119.78596,36.88633],[-119.78577,36.88614],[-119.78565,36.88599],[-119.78549,36.8856],[-119.7857,36.88558],[-119.78781,36.8856],[-119.79184,36.88563],[-119.79228,36.88577],[-119.79252,36.88584],[-119.79272,36.8859],[-119.79273,36.88535],[-119.79275,36.8848],[-119.79276,36.88409],[-119.79278,36.88336],[-119.79277,36.88254],[-119.79275,36.88172],[-119.79275,36.88105],[-119.7927,36.88092],[-119.79252,36.87677],[-119.7925,36.87629],[-119.79264,36.87626],[-119.79265,36.87626],[-119.79267,36.87626],[-119.79288,36.87621],[-119.79287,36.87598],[-119.79286,36.87574],[-119.79284,36.87544],[-119.79282,36.87476],[-119.79276,36.87373],[-119.79275,36.87358],[-119.79271,36.87327],[-119.79271,36.87318],[-119.79262,36.87242],[-119.7926,36.87235],[-119.79255,36.87204],[-119.7925,36.87165],[-119.79244,36.87133],[-119.79237,36.87096],[-119.7923,36.87047],[-119.79226,36.87022],[-119.79224,36.87008],[-119.79211,36.869],[-119.792,36.86798],[-119.79199,36.86743],[-119.79198,36.86704],[-119.79196,36.86627],[-119.79178,36.86321],[-119.79176,36.86287],[-119.79169,36.86107],[-119.79169,36.86094],[-119.79163,36.86036],[-119.79161,36.86021],[-119.79145,36.8594],[-119.79128,36.85862],[-119.79102,36.85781],[-119.79091,36.85754],[-119.79044,36.85654],[-119.78995,36.85568],[-119.78923,36.85459],[-119.78922,36.85457],[-119.78926,36.85454],[-119.78936,36.85447],[-119.78979,36.85418],[-119.78981,36.85417],[-119.78999,36.85405],[-119.79012,36.85394],[-119.7903,36.85378],[-119.79054,36.85354],[-119.79068,36.85334],[-119.79079,36.85315],[-119.79088,36.85293],[-119.79092,36.85274],[-119.79094,36.85255],[-119.79094,36.85251],[-119.79095,36.85218],[-119.79095,36.85186],[-119.79141,36.85186],[-119.79278,36.85185],[-119.79324,36.85185],[-119.79369,36.85185],[-119.79503,36.85185],[-119.79501,36.8515],[-119.79498,36.85137],[-119.79497,36.85134],[-119.79493,36.85121],[-119.79492,36.85092],[-119.79491,36.85082],[-119.79487,36.8507],[-119.79487,36.85042],[-119.79491,36.85021],[-119.79491,36.85011],[-119.79487,36.84997],[-119.79485,36.84988],[-119.79486,36.84939],[-119.79485,36.84618],[-119.79485,36.84604],[-119.79467,36.84579],[-119.79529,36.84545],[-119.79576,36.84518],[-119.79609,36.84499],[-119.79638,36.84484],[-119.7969,36.84464]]]},"properties":{"ZCTA5":"93720"}},{"type":"Feature","geometry":{"type":"Polygon","coordinates":[[[-119.66415,36.72989],[-119.66417,36.72958],[-119.66409,36.72957],[-119.66342,36.72957],[-119.66143,36.72955],[-119.66102,36.72954],[-119.66056,36.72919],[-119.66014,36.72882],[-119.65989,36.72857],[-119.65976,36.72794],[-119.65881,36.72811],[-119.65869,36.7281],[-119.6585,36.72805],[-119.65834,36.72797],[-119.65812,36.72775],[-119.65795,36.72753],[-119.65764,36.72705],[-119.65755,36.72692],[-119.65741,36.72668],[-119.65734,36.72649],[-119.65727,36.72628],[-119.65723,36.72608],[-119.65719,36.72584],[-119.65716,36.72577],[-119.65711,36.7257],[-119.65691,36.72561],[-119.65657,36.72546],[-119.65623,36.72533],[-119.65593,36.72526],[-119.65567,36.72524],[-119.65522,36.7252],[-119.65501,36.72519],[-119.65501,36.72508],[-119.65501,36.72448],[-119.655,36.72269],[-119.655,36.72209],[-119.655,36.72206],[-119.65499,36.72064],[-119.65499,36.71906],[-119.65499,36.71804],[-119.65501,36.71691],[-119.65501,36.71628],[-119.655,36.71502],[-119.65499,36.71482],[-119.6568,36.71483],[-119.66224,36.71487],[-119.66406,36.71488],[-119.66406,36.71479],[-119.66405,36.7134],[-119.66403,36.70897],[-119.66402,36.70749],[-119.66402,36.70742],[-119.66403,36.70726],[-119.66402,36.70664],[-119.66398,36.70411],[-119.66397,36.70374],[-119.66397,36.70326],[-119.6637,36.70325],[-119.66358,36.70324],[-119.66353,36.70321],[-119.66349,36.7032],[-119.66346,36.70318],[-119.66341,36.70316],[-119.66336,36.70315],[-119.6632,36.70312],[-119.66304,36.70303],[-119.663,36.70303],[-119.66296,36.703],[-119.66292,36.703],[-119.66283,36.70296],[-119.66274,36.70293],[-119.66237,36.70289],[-119.66201,36.70286],[-119.66175,36.70287],[-119.66146,36.70289],[-119.66142,36.70289],[-119.66071,36.70289],[-119.66019,36.7029],[-119.66008,36.70294],[-119.65999,36.70298],[-119.65993,36.70301],[-119.65989,36.70303],[-119.65985,36.70305],[-119.65979,36.70308],[-119.65951,36.70331],[-119.65936,36.70341],[-119.65921,36.70351],[-119.65914,36.70354],[-119.65908,36.70356],[-119.65904,36.70358],[-119.65901,36.70358],[-119.65896,36.70362],[-119.65885,36.70367],[-119.6588,36.70368],[-119.65877,36.7037],[-119.65867,36.70372],[-119.65861,36.70376],[-119.65857,36.70377],[-119.65854,36.70379],[-119.65845,36.70381],[-119.6583,36.70386],[-119.65805,36.70388],[-119.65786,36.70385],[-119.65734,36.70372],[-119.65722,36.70369],[-119.65702,36.70369],[-119.65693,36.70371],[-119.65611,36.70393],[-119.65607,36.70395],[-119.65593,36.70402],[-119.65584,36.70404],[-119.6558,36.70407],[-119.65574,36.70409],[-119.65567,36.70411],[-119.65549,36.70418],[-119.6552,36.70427],[-119.65511,36.70431],[-119.65499,36.70437],[-119.65493,36.70442],[-119.65479,36.70454],[-119.65475,36.70459],[-119.65469,36.70473],[-119.65468,36.70482],[-119.65462,36.70527],[-119.65461,36.7053],[-119.6546,36.70533],[-119.65459,36.70545],[-119.65461,36.70553],[-119.65464,36.70584],[-119.65466,36.70597],[-119.65469,36.70618],[-119.65467,36.70638],[-119.65464,36.70644],[-119.6546,36.70648],[-119.65459,36.7065],[-119.65438,36.70668],[-119.65438,36.7067],[-119.65425,36.70683],[-119.6541,36.70698],[-119.65399,36.70708],[-119.65362,36.70743],[-119.65209,36.70741],[-119.64749,36.70738],[-119.64621,36.70737],[-119.64596,36.70737],[-119.64597,36.70885],[-119.64597,36.70887],[-119.64595,36.71329],[-119.64594,36.71477],[-119.64413,36.71469],[-119.64043,36.71454],[-119.63872,36.71446],[-119.63691,36.71438],[-119.63692,36.71582],[-119.63692,36.71647],[-119.63691,36.71949],[-119.63691,36.72014],[-119.63691,36.72061],[-119.6369,36.72119],[-119.63691,36.72158],[-119.63692,36.72218],[-119.63693,36.72254],[-119.63691,36.72321],[-119.63692,36.72397],[-119.63692,36.72457],[-119.63692,36.72542],[-119.63694,36.72636],[-119.63694,36.7269],[-119.63693,36.72979],[-119.63694,36.73172],[-119.63692,36.73391],[-119.63691,36.73504],[-119.63691,36.73599],[-119.63691,36.73613],[-119.63692,36.73625],[-119.64156,36.73653],[-119.64579,36.73679],[-119.64596,36.73679],[-119.64596,36.73692],[-119.64596,36.73717],[-119.64597,36.73752],[-119.64592,36.74137],[-119.64592,36.74201],[-119.64592,36.74221],[-119.64591,36.74245],[-119.64592,36.74356],[-119.64576,36.74357],[-119.64474,36.74354],[-119.64126,36.74337],[-119.63684,36.74316],[-119.63684,36.74323],[-119.63639,36.74323],[-119.63604,36.74322],[-119.63457,36.74321],[-119.63457,36.743],[-119.63297,36.743],[-119.63233,36.743],[-119.63233,36.74313],[-119.63016,36.74307],[-119.62798,36.74296],[-119.62788,36.74296],[-119.62788,36.74362],[-119.62787,36.7463],[-119.62785,36.74692],[-119.62786,36.74855],[-119.62787,36.75009],[-119.62787,36.75019],[-119.6283,36.75019],[-119.6296,36.7502],[-119.63003,36.7502],[-119.63021,36.7502],[-119.63051,36.75021],[-119.6309,36.75021],[-119.63193,36.75022],[-119.6324,36.75022],[-119.6324,36.75058],[-119.6324,36.75166],[-119.6324,36.75202],[-119.6324,36.75216],[-119.6324,36.75258],[-119.6324,36.75272],[-119.6324,36.75307],[-119.6324,36.75388],[-119.6324,36.75411],[-119.6324,36.75445],[-119.6324,36.75475],[-119.63241,36.75516],[-119.63241,36.75564],[-119.63241,36.75572],[-119.63241,36.75593],[-119.63241,36.7562],[-119.63242,36.757],[-119.63243,36.75727],[-119.63229,36.75731],[-119.63225,36.75733],[-119.63218,36.75735],[-119.63213,36.75738],[-119.63201,36.75744],[-119.63191,36.75748],[-119.63168,36.75764],[-119.63151,36.75773],[-119.63126,36.7579],[-119.63097,36.75815],[-119.63088,36.75827],[-119.63088,36.75828],[-119.63085,36.75832],[-119.6308,36.75845],[-119.63075,36.75855],[-119.6307,36.75866],[-119.63055,36.75885],[-119.63029,36.75906],[-119.63016,36.75913],[-119.63,36.75916],[-119.62987,36.75915],[-119.62951,36.75915],[-119.62929,36.75912],[-119.62894,36.75908],[-119.62878,36.75904],[-119.6287,36.75903],[-119.62863,36.75901],[-119.62856,36.759],[-119.62832,36.75895],[-119.62825,36.75894],[-119.62814,36.75891],[-119.62793,36.75888],[-119.62787,36.76136],[-119.62774,36.76134],[-119.62761,36.76131],[-119.62756,36.7613],[-119.62753,36.76128],[-119.62748,36.76127],[-119.62744,36.76126],[-119.62723,36.76119],[-119.62716,36.76116],[-119.62711,36.76115],[-119.62703,36.76111],[-119.62687,36.76106],[-119.62649,36.76095],[-119.62641,36.76093],[-119.62628,36.7609],[-119.62606,36.76086],[-119.62602,36.76086],[-119.62593,36.76084],[-119.62575,36.76083],[-119.62554,36.7608],[-119.62541,36.76078],[-119.62519,36.76075],[-119.62471,36.76071],[-119.62462,36.7607],[-119.62435,36.7607],[-119.62417,36.7607],[-119.624,36.7607],[-119.62394,36.76071],[-119.62385,36.76071],[-119.62368,36.76074],[-119.62338,36.76078],[-119.6232,36.76079],[-119.62316,36.7608],[-119.62303,36.76081],[-119.6229,36.7608],[-119.6225,36.76078],[-119.62207,36.76068],[-119.62199,36.76065],[-119.62187,36.76062],[-119.62157,36.76046],[-119.62146,36.76039],[-119.6214,36.76034],[-119.62117,36.76018],[-119.62108,36.7601],[-119.62091,36.75994],[-119.62089,36.75991],[-119.62079,36.7598],[-119.62075,36.75974],[-119.62071,36.75967],[-119.62066,36.75962],[-119.62059,36.75949],[-119.62056,36.75946],[-119.62052,36.7594],[-119.62039,36.75926],[-119.62021,36.7591],[-119.62009,36.759],[-119.62003,36.75895],[-119.61991,36.75885],[-119.61985,36.7588],[-119.61981,36.75877],[-119.61973,36.75871],[-119.61967,36.75866],[-119.61959,36.75863],[-119.61946,36.75859],[-119.61928,36.75857],[-119.61915,36.75857],[-119.61897,36.75857],[-119.61875,36.7586],[-119.61857,36.75863],[-119.61847,36.75865],[-119.61845,36.75866],[-119.6184,36.75867],[-119.61836,36.75866],[-119.61832,36.75864],[-119.61824,36.75861],[-119.61814,36.75864],[-119.61806,36.75867],[-119.61802,36.75868],[-119.61777,36.75883],[-119.61726,36.75918],[-119.61705,36.75932],[-119.61684,36.75945],[-119.61673,36.75952],[-119.61666,36.75956],[-119.61637,36.75972],[-119.6163,36.75977],[-119.6161,36.75996],[-119.61552,36.76045],[-119.61519,36.76079],[-119.61505,36.76093],[-119.61502,36.76095],[-119.61495,36.76104],[-119.61481,36.76118],[-119.61473,36.76127],[-119.61472,36.76128],[-119.61453,36.76146],[-119.61448,36.76152],[-119.61434,36.76165],[-119.61421,36.76175],[-119.61416,36.7618],[-119.61405,36.76187],[-119.61401,36.76188],[-119.61385,36.76194],[-119.61373,36.76198],[-119.61364,36.76201],[-119.61343,36.76207],[-119.61334,36.76209],[-119.61317,36.76211],[-119.61303,36.76213],[-119.6129,36.76214],[-119.61272,36.76214],[-119.61255,36.76215],[-119.61237,36.76215],[-119.6121,36.76213],[-119.61152,36.76206],[-119.61148,36.76204],[-119.61135,36.76202],[-119.61117,36.762],[-119.61095,36.76196],[-119.61064,36.76194],[-119.6101,36.76195],[-119.61008,36.76195],[-119.61008,36.76204],[-119.61008,36.76222],[-119.61009,36.76301],[-119.61008,36.7636],[-119.61008,36.76381],[-119.61009,36.76468],[-119.61009,36.76476],[-119.61011,36.76533],[-119.61016,36.76533],[-119.61024,36.76533],[-119.61201,36.76533],[-119.61202,36.76669],[-119.61314,36.76668],[-119.61314,36.76751],[-119.61466,36.76751],[-119.61467,36.7722],[-119.61472,36.77221],[-119.61489,36.77223],[-119.61497,36.77227],[-119.61502,36.77228],[-119.61515,36.77234],[-119.61546,36.77247],[-119.61555,36.77249],[-119.61604,36.7727],[-119.61612,36.77272],[-119.61616,36.77274],[-119.61625,36.77277],[-119.61628,36.77279],[-119.61643,36.77285],[-119.61646,36.77287],[-119.61654,36.77289],[-119.61657,36.77291],[-119.61666,36.77293],[-119.61681,36.77301],[-119.61684,36.77301],[-119.61688,36.77303],[-119.61692,36.77304],[-119.61695,36.77306],[-119.61701,36.77308],[-119.61707,36.77311],[-119.61712,36.77312],[-119.61722,36.77317],[-119.61725,36.77317],[-119.61734,36.77321],[-119.61748,36.77327],[-119.61754,36.77329],[-119.61767,36.77334],[-119.6177,36.77335],[-119.61806,36.7735],[-119.61814,36.77352],[-119.61821,36.77356],[-119.61832,36.7736],[-119.61836,36.77362],[-119.6184,36.77363],[-119.61846,36.77367],[-119.61852,36.77368],[-119.61856,36.7737],[-119.61859,36.77371],[-119.61878,36.7738],[-119.6188,36.77381],[-119.61887,36.77382],[-119.61892,36.77386],[-119.61899,36.77387],[-119.61904,36.7739],[-119.6191,36.77391],[-119.61914,36.77393],[-119.61917,36.77392],[-119.62252,36.77414],[-119.62399,36.77423],[-119.62406,36.77425],[-119.6241,36.77427],[-119.62426,36.77431],[-119.62431,36.77432],[-119.6244,36.77439],[-119.62457,36.77452],[-119.62465,36.77461],[-119.62466,36.77463],[-119.62468,36.77466],[-119.62471,36.77469],[-119.62472,36.77473],[-119.62476,36.77486],[-119.6248,36.77507],[-119.62479,36.77562],[-119.62481,36.77564],[-119.62478,36.77568],[-119.62467,36.77615],[-119.62462,36.77641],[-119.6246,36.77649],[-119.62454,36.77662],[-119.6245,36.77666],[-119.62448,36.7767],[-119.62436,36.7768],[-119.62423,36.77687],[-119.62417,36.77689],[-119.62413,36.7769],[-119.62407,36.77693],[-119.62403,36.77695],[-119.62363,36.77706],[-119.62354,36.77709],[-119.62321,36.77722],[-119.62316,36.77725],[-119.62291,36.77738],[-119.62261,36.77754],[-119.62257,36.77755],[-119.62249,36.77761],[-119.62219,36.77789],[-119.62208,36.77803],[-119.62196,36.77821],[-119.62193,36.77831],[-119.62192,36.77837],[-119.62195,36.77873],[-119.62202,36.77898],[-119.62211,36.77926],[-119.62213,36.77931],[-119.62217,36.77945],[-119.62219,36.77951],[-119.62222,36.7796],[-119.62223,36.77966],[-119.62225,36.77972],[-119.62227,36.77977],[-119.62231,36.77989],[-119.62234,36.78001],[-119.62237,36.78015],[-119.62239,36.78018],[-119.6224,36.78024],[-119.62242,36.78028],[-119.62246,36.78037],[-119.62248,36.78039],[-119.62249,36.78042],[-119.62252,36.78054],[-119.62257,36.78066],[-119.62261,36.78084],[-119.62265,36.78097],[-119.62266,36.78101],[-119.62277,36.78138],[-119.6228,36.78148],[-119.62301,36.78212],[-119.62321,36.78275],[-119.62326,36.78289],[-119.62334,36.78305],[-119.62346,36.78324],[-119.62348,36.78328],[-119.62349,36.7833],[-119.6235,36.78333],[-119.62354,36.78337],[-119.62364,36.78349],[-119.62365,36.78353],[-119.62378,36.78363],[-119.62395,36.78374],[-119.62412,36.78381],[-119.62416,36.78382],[-119.6242,36.78384],[-119.62431,36.78387],[-119.62443,36.78387],[-119.62489,36.78385],[-119.62522,36.7838],[-119.62597,36.7836],[-119.62622,36.7835],[-119.62636,36.78346],[-119.62647,36.78345],[-119.62653,36.78343],[-119.62663,36.7834],[-119.62669,36.78336],[-119.62674,36.78336],[-119.62679,36.78332],[-119.62741,36.78301],[-119.62745,36.783],[-119.62751,36.78296],[-119.62777,36.78284],[-119.6279,36.78277],[-119.6279,36.78291],[-119.6279,36.78353],[-119.6279,36.7841],[-119.6279,36.78418],[-119.62802,36.78417],[-119.62869,36.78417],[-119.63013,36.78417],[-119.63029,36.78407],[-119.6303,36.7825],[-119.63036,36.7825],[-119.63043,36.78249],[-119.63069,36.78251],[-119.63076,36.78252],[-119.63095,36.78258],[-119.631,36.78261],[-119.63105,36.78262],[-119.63108,36.78264],[-119.63112,36.78265],[-119.63116,36.78268],[-119.63122,36.7827],[-119.63136,36.78277],[-119.63142,36.78279],[-119.6315,36.78283],[-119.63155,36.78285],[-119.63162,36.78288],[-119.63182,36.78297],[-119.63229,36.78318],[-119.63277,36.78339],[-119.63322,36.7836],[-119.63325,36.78361],[-119.63331,36.78364],[-119.63338,36.78366],[-119.63389,36.78389],[-119.63434,36.7841],[-119.63441,36.78413],[-119.63445,36.78414],[-119.63449,36.78417],[-119.63455,36.78419],[-119.63458,36.78421],[-119.63467,36.78424],[-119.63475,36.78428],[-119.63483,36.7843],[-119.63485,36.78432],[-119.63493,36.78434],[-119.63501,36.78438],[-119.63508,36.7844],[-119.63512,36.78441],[-119.63522,36.78446],[-119.63525,36.78446],[-119.63527,36.78448],[-119.63541,36.78451],[-119.6355,36.78455],[-119.63653,36.78483],[-119.63655,36.78484],[-119.63661,36.78486],[-119.63691,36.78495],[-119.63695,36.78496],[-119.63707,36.785],[-119.63733,36.78509],[-119.6374,36.78512],[-119.63755,36.78524],[-119.63763,36.78533],[-119.63764,36.78535],[-119.63768,36.7854],[-119.63771,36.78545],[-119.63773,36.78548],[-119.6378,36.78557],[-119.63782,36.78561],[-119.63787,36.78566],[-119.63789,36.78571],[-119.63793,36.78576],[-119.63805,36.78586],[-119.63815,36.78593],[-119.63817,36.78594],[-119.6382,36.78594],[-119.63825,36.78597],[-119.63829,36.78598],[-119.63841,36.78604],[-119.63852,36.78609],[-119.63855,36.78613],[-119.63864,36.78615],[-119.63881,36.78624],[-119.63891,36.78626],[-119.63896,36.78629],[-119.63902,36.78629],[-119.63938,36.78628],[-119.63981,36.78624],[-119.64009,36.78622],[-119.64015,36.78622],[-119.64024,36.78625],[-119.64026,36.78625],[-119.64028,36.78625],[-119.64031,36.78626],[-119.64049,36.78641],[-119.64062,36.78656],[-119.64063,36.7866],[-119.64068,36.78664],[-119.64071,36.7867],[-119.64075,36.78675],[-119.64078,36.7868],[-119.64082,36.78685],[-119.64086,36.78692],[-119.64095,36.78701],[-119.64107,36.78715],[-119.64112,36.78721],[-119.64123,36.78731],[-119.64149,36.7875],[-119.64173,36.78763],[-119.64184,36.78768],[-119.64186,36.78769],[-119.64205,36.78772],[-119.64296,36.78771],[-119.64315,36.7877],[-119.64343,36.78765],[-119.64385,36.78756],[-119.64396,36.78754],[-119.644,36.78753],[-119.64434,36.78748],[-119.64504,36.78737],[-119.64579,36.78728],[-119.64595,36.78728],[-119.64595,36.78757],[-119.64596,36.78845],[-119.64596,36.78874],[-119.64596,36.789],[-119.64596,36.78978],[-119.64596,36.79004],[-119.64596,36.79022],[-119.65053,36.79021],[-119.65044,36.78711],[-119.65087,36.78714],[-119.6509,36.78714],[-119.65171,36.78721],[-119.6518,36.78722],[-119.65311,36.78721],[-119.65334,36.78722],[-119.6542,36.78745],[-119.65439,36.7875],[-119.65463,36.78757],[-119.65502,36.78761],[-119.65511,36.78762],[-119.65514,36.78762],[-119.65519,36.78759],[-119.65524,36.78762],[-119.65534,36.78765],[-119.65592,36.78772],[-119.65642,36.78778],[-119.65662,36.78781],[-119.65722,36.78791],[-119.65762,36.78796],[-119.65765,36.78798],[-119.65783,36.788],[-119.65788,36.78802],[-119.65793,36.78803],[-119.65809,36.78805],[-119.6584,36.78812],[-119.65845,36.78814],[-119.65861,36.78816],[-119.65865,36.78817],[-119.6588,36.78821],[-119.65897,36.78822],[-119.65908,36.78825],[-119.65911,36.78827],[-119.65913,36.78827],[-119.65922,36.78829],[-119.6594,36.78831],[-119.65945,36.78834],[-119.65954,36.78835],[-119.65971,36.78838],[-119.65982,36.78839],[-119.65987,36.78841],[-119.65999,36.78842],[-119.66005,36.78844],[-119.6602,36.78846],[-119.66027,36.78849],[-119.66045,36.78851],[-119.66048,36.78851],[-119.66056,36.78854],[-119.66068,36.78856],[-119.66092,36.78861],[-119.66106,36.78862],[-119.66125,36.78868],[-119.66144,36.7887],[-119.6615,36.78872],[-119.66168,36.78874],[-119.66171,36.78876],[-119.66191,36.78878],[-119.66201,36.78882],[-119.6621,36.78883],[-119.66217,36.78885],[-119.66236,36.78887],[-119.66246,36.7889],[-119.66257,36.78892],[-119.66267,36.78894],[-119.66282,36.78896],[-119.66286,36.78898],[-119.66292,36.78899],[-119.66296,36.789],[-119.6631,36.78902],[-119.66318,36.78904],[-119.66324,36.78906],[-119.66329,36.78907],[-119.66363,36.78916],[-119.66366,36.78918],[-119.66372,36.78919],[-119.66377,36.78922],[-119.66384,36.78923],[-119.66394,36.78929],[-119.66397,36.78929],[-119.66405,36.78934],[-119.66405,36.78899],[-119.66406,36.78797],[-119.66406,36.78763],[-119.66406,36.78743],[-119.66406,36.78683],[-119.66406,36.78663],[-119.66406,36.78518],[-119.66405,36.78086],[-119.66404,36.77955],[-119.66405,36.77942],[-119.66405,36.77927],[-119.66406,36.77862],[-119.66407,36.77622],[-119.66407,36.77605],[-119.66407,36.77542],[-119.66406,36.77509],[-119.66406,36.77465],[-119.66406,36.77409],[-119.66405,36.77401],[-119.66405,36.77376],[-119.66405,36.77344],[-119.66404,36.77246],[-119.66404,36.77214],[-119.66404,36.77162],[-119.66404,36.77009],[-119.66404,36.76958],[-119.66404,36.76934],[-119.66405,36.76864],[-119.66405,36.76857],[-119.66406,36.76841],[-119.66405,36.76816],[-119.66405,36.76739],[-119.66405,36.76725],[-119.66405,36.76719],[-119.66405,36.76714],[-119.66405,36.76703],[-119.66404,36.76668],[-119.66403,36.76532],[-119.66403,36.76486],[-119.66403,36.76481],[-119.66403,36.76464],[-119.66403,36.76458],[-119.66403,36.7639],[-119.66403,36.76332],[-119.66402,36.76185],[-119.66402,36.76135],[-119.66402,36.76116],[-119.66401,36.76086],[-119.66401,36.76042],[-119.66399,36.75821],[-119.66398,36.75747],[-119.66398,36.75675],[-119.66396,36.75459],[-119.66395,36.75387],[-119.66395,36.75315],[-119.66394,36.75101],[-119.66394,36.75084],[-119.66394,36.75045],[-119.66394,36.75029],[-119.66395,36.75015],[-119.66395,36.74997],[-119.66396,36.749],[-119.66396,36.74868],[-119.66396,36.74861],[-119.66397,36.74834],[-119.66399,36.74732],[-119.664,36.74698],[-119.664,36.74687],[-119.664,36.74656],[-119.664,36.74645],[-119.664,36.74624],[-119.664,36.7457],[-119.664,36.74559],[-119.664,36.74537],[-119.664,36.7453],[-119.664,36.74525],[-119.664,36.74507],[-119.664,36.74499],[-119.664,36.74472],[-119.664,36.7439],[-119.664,36.74376],[-119.664,36.74363],[-119.664,36.74332],[-119.66401,36.7424],[-119.66402,36.74209],[-119.66402,36.742],[-119.66402,36.74173],[-119.66402,36.74165],[-119.66403,36.7407],[-119.66403,36.74056],[-119.66404,36.73975],[-119.66404,36.73945],[-119.66405,36.73854],[-119.66406,36.73785],[-119.66406,36.73701],[-119.66406,36.7369],[-119.66407,36.73679],[-119.66407,36.73655],[-119.66406,36.73549],[-119.66406,36.73513],[-119.66406,36.73479],[-119.66406,36.73376],[-119.66405,36.73341],[-119.66405,36.73338],[-119.66405,36.73326],[-119.66406,36.7328],[-119.66406,36.73264],[-119.66406,36.73252],[-119.66406,36.73234],[-119.66406,36.73214],[-119.66407,36.73202],[-119.66407,36.73184],[-119.66407,36.73131],[-119.66407,36.73113],[-119.66409,36.73082],[-119.66415,36.72989]]]},"properties":{"ZCTA5":"93737"}},{"type":"Feature","geometry":{"type":"Polygon","coordinates":[[[-119.81341,36.75037],[-119.81346,36.75037],[-119.8131,36.75003],[-119.81201,36.74902],[-119.81166,36.74868],[-119.81098,36.74809],[-119.80895,36.74632],[-119.80827,36.74573],[-119.8081,36.74557],[-119.80761,36.7451],[-119.80744,36.74494],[-119.8073,36.74502],[-119.8069,36.74523],[-119.80676,36.74531],[-119.80656,36.74513],[-119.80654,36.7451],[-119.80652,36.74509],[-119.80586,36.74448],[-119.80563,36.74427],[-119.80543,36.74415],[-119.80539,36.74413],[-119.80464,36.74372],[-119.8046,36.74369],[-119.80439,36.7436],[-119.80436,36.74371],[-119.80434,36.7438],[-119.80434,36.74404],[-119.80434,36.74415],[-119.80405,36.74415],[-119.80319,36.74414],[-119.8029,36.74414],[-119.80283,36.74403],[-119.80267,36.7438],[-119.80261,36.74371],[-119.80255,36.7436],[-119.80241,36.7436],[-119.80199,36.7436],[-119.80185,36.74361],[-119.80182,36.74371],[-119.80172,36.74403],[-119.80169,36.74414],[-119.80141,36.74414],[-119.80059,36.74415],[-119.80032,36.74415],[-119.80003,36.74415],[-119.79917,36.74415],[-119.79888,36.74415],[-119.79868,36.74415],[-119.79806,36.74415],[-119.79785,36.74415],[-119.79764,36.74415],[-119.79701,36.74414],[-119.7968,36.74414],[-119.79673,36.74405],[-119.79672,36.74374],[-119.79671,36.74363],[-119.79653,36.74363],[-119.79598,36.74364],[-119.7958,36.74364],[-119.7958,36.74376],[-119.7958,36.74413],[-119.7958,36.74425],[-119.79557,36.74425],[-119.79487,36.74425],[-119.79464,36.74425],[-119.79436,36.74425],[-119.79351,36.74425],[-119.79323,36.74425],[-119.79296,36.74425],[-119.79216,36.74425],[-119.79189,36.74425],[-119.79189,36.74406],[-119.79189,36.7435],[-119.79189,36.74332],[-119.79176,36.74332],[-119.79138,36.7433],[-119.79126,36.7433],[-119.7911,36.7433],[-119.7908,36.74329],[-119.79064,36.7433],[-119.79049,36.7433],[-119.79049,36.74314],[-119.7905,36.74266],[-119.7905,36.74253],[-119.79051,36.7425],[-119.79047,36.74253],[-119.79028,36.74266],[-119.78961,36.74315],[-119.78939,36.74331],[-119.78916,36.74331],[-119.78847,36.7433],[-119.78824,36.7433],[-119.78802,36.7433],[-119.78733,36.74331],[-119.7871,36.74331],[-119.78708,36.74331],[-119.78703,36.74331],[-119.78701,36.74331],[-119.78699,36.74331],[-119.78695,36.74331],[-119.78694,36.74332],[-119.786,36.74332],[-119.78478,36.74325],[-119.78456,36.74325],[-119.7839,36.74325],[-119.78368,36.74325],[-119.78346,36.74325],[-119.7828,36.74325],[-119.78258,36.74325],[-119.78245,36.74326],[-119.78208,36.74331],[-119.78195,36.74332],[-119.78163,36.74332],[-119.78067,36.7433],[-119.78051,36.7433],[-119.78035,36.7433],[-119.78013,36.7433],[-119.77947,36.7433],[-119.77925,36.74331],[-119.77908,36.74331],[-119.77855,36.7433],[-119.77837,36.7433],[-119.77795,36.74332],[-119.77736,36.74333],[-119.77699,36.74334],[-119.77693,36.74334],[-119.77626,36.74332],[-119.77591,36.74325],[-119.77553,36.74313],[-119.7747,36.74315],[-119.77277,36.74316],[-119.77254,36.74317],[-119.77243,36.74317],[-119.77245,36.74411],[-119.77247,36.74501],[-119.77248,36.74519],[-119.7725,36.74573],[-119.77251,36.74591],[-119.77251,36.74609],[-119.77251,36.74663],[-119.77251,36.74681],[-119.77251,36.74699],[-119.7725,36.74754],[-119.7725,36.74773],[-119.7725,36.74791],[-119.77249,36.74844],[-119.77249,36.74862],[-119.77249,36.74881],[-119.77248,36.74936],[-119.77248,36.74954],[-119.77248,36.74972],[-119.77248,36.75026],[-119.77248,36.75044],[-119.77248,36.75061],[-119.77248,36.75065],[-119.77249,36.75127],[-119.77249,36.75148],[-119.77249,36.75162],[-119.77249,36.75165],[-119.77248,36.75217],[-119.77248,36.75234],[-119.77248,36.75245],[-119.77248,36.75248],[-119.77247,36.75278],[-119.77247,36.75289],[-119.77247,36.7531],[-119.77248,36.75371],[-119.77249,36.75392],[-119.77249,36.7541],[-119.77249,36.7542],[-119.77249,36.75441],[-119.77249,36.7545],[-119.7725,36.75459],[-119.7725,36.75462],[-119.7725,36.75467],[-119.7725,36.75486],[-119.7725,36.75488],[-119.7725,36.75495],[-119.7725,36.75498],[-119.7725,36.75509],[-119.7725,36.75516],[-119.77249,36.7553],[-119.77249,36.75571],[-119.77249,36.75589],[-119.77249,36.75607],[-119.77249,36.7566],[-119.77249,36.75678],[-119.77249,36.75697],[-119.77249,36.75751],[-119.77249,36.75769],[-119.77267,36.75768],[-119.77294,36.75769],[-119.77429,36.7577],[-119.77463,36.7577],[-119.77475,36.7577],[-119.77498,36.7577],[-119.77515,36.7577],[-119.77518,36.7577],[-119.77523,36.7577],[-119.77527,36.7577],[-119.77542,36.75771],[-119.77547,36.75771],[-119.77575,36.75771],[-119.7758,36.75771],[-119.77608,36.7577],[-119.77613,36.7577],[-119.77629,36.7577],[-119.77638,36.7577],[-119.77683,36.7577],[-119.77701,36.7577],[-119.7773,36.7577],[-119.77818,36.7577],[-119.77848,36.7577],[-119.77863,36.7577],[-119.7791,36.75771],[-119.77926,36.75771],[-119.7794,36.75771],[-119.77982,36.75771],[-119.77996,36.75771],[-119.78027,36.7577],[-119.78119,36.75769],[-119.7815,36.75769],[-119.78222,36.75769],[-119.78222,36.75817],[-119.78333,36.75817],[-119.78333,36.75768],[-119.78376,36.75768],[-119.78403,36.75768],[-119.78406,36.75819],[-119.78586,36.75813],[-119.78587,36.75768],[-119.786,36.75768],[-119.78631,36.75764],[-119.78649,36.75757],[-119.78658,36.75754],[-119.78703,36.75734],[-119.78708,36.75732],[-119.78715,36.7573],[-119.78721,36.75728],[-119.78721,36.75741],[-119.78721,36.75779],[-119.78736,36.7578],[-119.78786,36.7578],[-119.7879,36.75778],[-119.78795,36.75778],[-119.78804,36.75777],[-119.78816,36.75777],[-119.78856,36.75777],[-119.78896,36.75777],[-119.78922,36.75777],[-119.78921,36.75724],[-119.79021,36.75763],[-119.79028,36.75765],[-119.79045,36.7577],[-119.79048,36.7577],[-119.79054,36.7577],[-119.79054,36.75748],[-119.79055,36.75724],[-119.79055,36.75675],[-119.79053,36.75635],[-119.79053,36.75626],[-119.79054,36.75599],[-119.79054,36.7559],[-119.79279,36.75589],[-119.7928,36.755],[-119.79279,36.75481],[-119.79279,36.75424],[-119.79279,36.75406],[-119.79233,36.75406],[-119.79098,36.75406],[-119.79054,36.75407],[-119.79053,36.75395],[-119.79053,36.75362],[-119.79053,36.75351],[-119.79053,36.75345],[-119.79053,36.75327],[-119.79053,36.75321],[-119.79053,36.7531],[-119.79053,36.75307],[-119.79053,36.75302],[-119.79054,36.75247],[-119.79053,36.75245],[-119.79053,36.75244],[-119.79054,36.75227],[-119.79053,36.75209],[-119.79054,36.752],[-119.79054,36.75182],[-119.79296,36.75132],[-119.79377,36.75114],[-119.79446,36.75096],[-119.79501,36.7508],[-119.79495,36.75067],[-119.79488,36.75054],[-119.79486,36.75051],[-119.79481,36.75042],[-119.79525,36.75044],[-119.79546,36.75044],[-119.79582,36.75044],[-119.79608,36.75044],[-119.79622,36.75043],[-119.79659,36.75042],[-119.79668,36.75042],[-119.79704,36.75042],[-119.79708,36.75042],[-119.79711,36.75042],[-119.79733,36.75041],[-119.79741,36.75041],[-119.79746,36.75041],[-119.79763,36.75041],[-119.79769,36.75041],[-119.79793,36.75041],[-119.79865,36.75042],[-119.79889,36.75042],[-119.79963,36.75041],[-119.80035,36.7504],[-119.80119,36.7504],[-119.80141,36.7504],[-119.80157,36.7504],[-119.80158,36.75098],[-119.80169,36.75097],[-119.80176,36.75097],[-119.80182,36.75098],[-119.80188,36.75098],[-119.80194,36.75097],[-119.802,36.75097],[-119.80206,36.75097],[-119.80213,36.75097],[-119.8022,36.75097],[-119.80226,36.75097],[-119.80234,36.75096],[-119.80241,36.75096],[-119.80248,36.75096],[-119.80255,36.75096],[-119.80261,36.75096],[-119.80267,36.75096],[-119.80273,36.75095],[-119.80283,36.75094],[-119.80395,36.75091],[-119.80405,36.75091],[-119.80405,36.75038],[-119.80436,36.75039],[-119.80452,36.75039],[-119.80502,36.75039],[-119.80519,36.75039],[-119.80519,36.75075],[-119.80519,36.75096],[-119.80571,36.75096],[-119.80571,36.75087],[-119.80622,36.75087],[-119.80634,36.75087],[-119.80713,36.75087],[-119.80713,36.75069],[-119.80734,36.75069],[-119.80744,36.75069],[-119.80755,36.75069],[-119.80755,36.75087],[-119.80841,36.75086],[-119.80853,36.75084],[-119.8087,36.75082],[-119.80959,36.7508],[-119.8097,36.7508],[-119.81073,36.75077],[-119.81083,36.7508],[-119.81093,36.75082],[-119.81195,36.7508],[-119.81195,36.75071],[-119.81195,36.75048],[-119.81194,36.75034],[-119.81198,36.75034],[-119.81211,36.75035],[-119.81215,36.75035],[-119.81235,36.75037],[-119.8124,36.75037],[-119.81281,36.75038],[-119.81293,36.75038],[-119.81313,36.75037],[-119.81319,36.75037],[-119.81339,36.75037],[-119.81341,36.75037]]]},"properties":{"ZCTA5":"93701"}},{"type":"Feature","geometry":{"type":"Polygon","coordinates":[[[-119.80576,36.74348],[-119.80579,36.74346],[-119.80541,36.7431],[-119.80425,36.74205],[-119.80387,36.7417],[-119.80279,36.74072],[-119.79958,36.73779],[-119.7985,36.73681],[-119.79829,36.73661],[-119.79763,36.73603],[-119.79742,36.73583],[-119.79698,36.73543],[-119.79568,36.73422],[-119.79525,36.73381],[-119.79539,36.73366],[-119.79545,36.7336],[-119.79591,36.7333],[-119.79609,36.73319],[-119.79587,36.73299],[-119.79522,36.73239],[-119.795,36.73219],[-119.79478,36.73199],[-119.79412,36.73139],[-119.7939,36.73119],[-119.79373,36.73131],[-119.79322,36.73167],[-119.79305,36.73179],[-119.79282,36.73159],[-119.79215,36.731],[-119.79192,36.7308],[-119.7915,36.73041],[-119.79023,36.72924],[-119.78981,36.72885],[-119.78959,36.72866],[-119.78892,36.72808],[-119.7887,36.72789],[-119.78622,36.72566],[-119.78558,36.72508],[-119.78549,36.725],[-119.78565,36.72469],[-119.78575,36.72448],[-119.78579,36.72438],[-119.78581,36.72428],[-119.78584,36.72408],[-119.78583,36.72383],[-119.7858,36.72366],[-119.78577,36.72352],[-119.78574,36.72342],[-119.78567,36.7233],[-119.7855,36.72308],[-119.7853,36.72283],[-119.78525,36.7228],[-119.78525,36.72277],[-119.78526,36.72255],[-119.78526,36.72236],[-119.78443,36.72153],[-119.78219,36.71949],[-119.7763,36.71419],[-119.77607,36.7142],[-119.77589,36.7142],[-119.77537,36.71422],[-119.77519,36.71423],[-119.77496,36.71422],[-119.77426,36.71421],[-119.77403,36.7142],[-119.77397,36.7142],[-119.77381,36.71421],[-119.77379,36.7142],[-119.77373,36.7142],[-119.77356,36.7142],[-119.77306,36.7142],[-119.77289,36.7142],[-119.77285,36.7142],[-119.77272,36.7142],[-119.77267,36.7142],[-119.77267,36.71456],[-119.77268,36.71565],[-119.77268,36.71602],[-119.77267,36.71638],[-119.77266,36.71747],[-119.77266,36.71783],[-119.77266,36.71853],[-119.77266,36.71967],[-119.77267,36.72065],[-119.77267,36.72135],[-119.77267,36.72137],[-119.77267,36.72141],[-119.77267,36.72142],[-119.77267,36.72162],[-119.77267,36.72223],[-119.77266,36.72244],[-119.77266,36.72297],[-119.77265,36.72456],[-119.77264,36.72509],[-119.77264,36.7258],[-119.77264,36.72794],[-119.77264,36.72865],[-119.77251,36.72865],[-119.77177,36.72864],[-119.77209,36.72968],[-119.77209,36.73025],[-119.77209,36.73033],[-119.77208,36.73071],[-119.77209,36.73113],[-119.77215,36.73126],[-119.77225,36.73137],[-119.77252,36.73163],[-119.77267,36.73175],[-119.77279,36.73186],[-119.77527,36.73412],[-119.77438,36.73475],[-119.77416,36.73456],[-119.77349,36.73397],[-119.77327,36.73378],[-119.77276,36.7333],[-119.77256,36.7331],[-119.77254,36.7338],[-119.77254,36.734],[-119.77255,36.73462],[-119.77256,36.73482],[-119.77255,36.73503],[-119.77254,36.73566],[-119.77254,36.73572],[-119.77254,36.73587],[-119.77254,36.73609],[-119.77253,36.73676],[-119.77253,36.73698],[-119.77252,36.73721],[-119.7725,36.73788],[-119.77249,36.73811],[-119.77248,36.73836],[-119.77245,36.73913],[-119.77244,36.73939],[-119.77244,36.73965],[-119.77243,36.74042],[-119.77243,36.74068],[-119.77243,36.74091],[-119.77243,36.7416],[-119.77243,36.74184],[-119.77243,36.74203],[-119.77243,36.74263],[-119.77243,36.74274],[-119.77243,36.74283],[-119.77243,36.7429],[-119.77243,36.7431],[-119.77243,36.74317],[-119.77254,36.74317],[-119.77277,36.74316],[-119.7747,36.74315],[-119.77553,36.74313],[-119.77591,36.74325],[-119.77626,36.74332],[-119.77693,36.74334],[-119.77699,36.74334],[-119.77736,36.74333],[-119.77795,36.74332],[-119.77837,36.7433],[-119.77855,36.7433],[-119.77908,36.74331],[-119.77925,36.74331],[-119.77947,36.7433],[-119.78013,36.7433],[-119.78035,36.7433],[-119.78051,36.7433],[-119.78067,36.7433],[-119.78163,36.74332],[-119.78195,36.74332],[-119.78208,36.74331],[-119.78245,36.74326],[-119.78258,36.74325],[-119.7828,36.74325],[-119.78346,36.74325],[-119.78368,36.74325],[-119.7839,36.74325],[-119.78456,36.74325],[-119.78478,36.74325],[-119.786,36.74332],[-119.78694,36.74332],[-119.78695,36.74331],[-119.78699,36.74331],[-119.78701,36.74331],[-119.78703,36.74331],[-119.78708,36.74331],[-119.7871,36.74331],[-119.78733,36.74331],[-119.78802,36.7433],[-119.78824,36.7433],[-119.78847,36.7433],[-119.78916,36.74331],[-119.78939,36.74331],[-119.78961,36.74315],[-119.79028,36.74266],[-119.79047,36.74253],[-119.79051,36.7425],[-119.7905,36.74253],[-119.7905,36.74266],[-119.79049,36.74314],[-119.79049,36.7433],[-119.79064,36.7433],[-119.7908,36.74329],[-119.7911,36.7433],[-119.79126,36.7433],[-119.79138,36.7433],[-119.79176,36.74332],[-119.79189,36.74332],[-119.79189,36.7435],[-119.79189,36.74406],[-119.79189,36.74425],[-119.79216,36.74425],[-119.79296,36.74425],[-119.79323,36.74425],[-119.79351,36.74425],[-119.79436,36.74425],[-119.79464,36.74425],[-119.79487,36.74425],[-119.79557,36.74425],[-119.7958,36.74425],[-119.7958,36.74413],[-119.7958,36.74376],[-119.7958,36.74364],[-119.79598,36.74364],[-119.79653,36.74363],[-119.79671,36.74363],[-119.79672,36.74374],[-119.79673,36.74405],[-119.7968,36.74414],[-119.79701,36.74414],[-119.79764,36.74415],[-119.79785,36.74415],[-119.79806,36.74415],[-119.79868,36.74415],[-119.79888,36.74415],[-119.79917,36.74415],[-119.80003,36.74415],[-119.80032,36.74415],[-119.80059,36.74415],[-119.80141,36.74414],[-119.80169,36.74414],[-119.80172,36.74403],[-119.80182,36.74371],[-119.80185,36.74361],[-119.80199,36.7436],[-119.80241,36.7436],[-119.80255,36.7436],[-119.80261,36.74371],[-119.80267,36.7438],[-119.80283,36.74403],[-119.8029,36.74414],[-119.80319,36.74414],[-119.80405,36.74415],[-119.80434,36.74415],[-119.80434,36.74404],[-119.80434,36.7438],[-119.80436,36.74371],[-119.80439,36.7436],[-119.80463,36.7436],[-119.80538,36.7436],[-119.80562,36.7436],[-119.80566,36.74357],[-119.80571,36.74352],[-119.80576,36.74348]]]},"properties":{"ZCTA5":"93721"}},{"type":"Feature","geometry":{"type":"Polygon","coordinates":[[[-119.79731,36.78513],[-119.79731,36.78495],[-119.79685,36.78495],[-119.79549,36.78497],[-119.79504,36.78497],[-119.79467,36.78498],[-119.79355,36.78498],[-119.79317,36.78499],[-119.7931,36.78499],[-119.79286,36.78499],[-119.79278,36.78499],[-119.79233,36.78499],[-119.79098,36.78501],[-119.79063,36.78501],[-119.79053,36.78502],[-119.79053,36.78483],[-119.79053,36.78426],[-119.79053,36.78407],[-119.79051,36.78297],[-119.79052,36.78235],[-119.79053,36.77964],[-119.79053,36.77962],[-119.79048,36.77962],[-119.79038,36.77962],[-119.78698,36.77966],[-119.78646,36.77967],[-119.78615,36.77968],[-119.78609,36.77968],[-119.78602,36.77967],[-119.78543,36.77968],[-119.78535,36.77967],[-119.78515,36.77968],[-119.78496,36.77967],[-119.78464,36.77967],[-119.78366,36.77967],[-119.78326,36.77966],[-119.78247,36.77967],[-119.78228,36.77967],[-119.78172,36.77968],[-119.78154,36.77968],[-119.78123,36.77968],[-119.78029,36.77967],[-119.77997,36.77966],[-119.77972,36.77966],[-119.77898,36.77965],[-119.77873,36.77964],[-119.77839,36.77964],[-119.77735,36.77965],[-119.77701,36.77965],[-119.77691,36.77965],[-119.77659,36.77965],[-119.77649,36.77965],[-119.7757,36.77964],[-119.77333,36.77961],[-119.7729,36.7796],[-119.77254,36.7796],[-119.77254,36.77947],[-119.77254,36.77942],[-119.7725,36.77942],[-119.77246,36.77941],[-119.77212,36.77932],[-119.77204,36.7793],[-119.77102,36.77904],[-119.77081,36.77899],[-119.7694,36.77865],[-119.76932,36.77862],[-119.76902,36.77855],[-119.76886,36.7785],[-119.76809,36.77831],[-119.76796,36.77829],[-119.76784,36.77824],[-119.7678,36.77823],[-119.76754,36.77817],[-119.76741,36.77814],[-119.76733,36.77812],[-119.76723,36.77811],[-119.7672,36.77809],[-119.76703,36.77805],[-119.76695,36.77802],[-119.76677,36.77798],[-119.76673,36.77797],[-119.7667,36.77802],[-119.76666,36.77831],[-119.76662,36.77863],[-119.76651,36.77926],[-119.76646,36.77932],[-119.76621,36.77956],[-119.76607,36.77969],[-119.76564,36.77984],[-119.76554,36.77987],[-119.76518,36.77999],[-119.76486,36.78027],[-119.76474,36.78032],[-119.76468,36.78032],[-119.76465,36.78035],[-119.7645,36.78035],[-119.76439,36.78035],[-119.76434,36.78036],[-119.76397,36.78067],[-119.76348,36.78108],[-119.76348,36.78078],[-119.7635,36.77988],[-119.7635,36.77967],[-119.76351,36.77958],[-119.76319,36.77958],[-119.76299,36.77958],[-119.76224,36.77958],[-119.76192,36.77959],[-119.76175,36.77959],[-119.76125,36.7796],[-119.76108,36.7796],[-119.76088,36.7796],[-119.7603,36.7796],[-119.76011,36.7796],[-119.75991,36.7796],[-119.75934,36.7796],[-119.75915,36.7796],[-119.75895,36.7796],[-119.75837,36.7796],[-119.75817,36.7796],[-119.75798,36.7796],[-119.75742,36.7796],[-119.75723,36.7796],[-119.75714,36.77959],[-119.75684,36.77959],[-119.75675,36.77959],[-119.75678,36.77948],[-119.75677,36.77797],[-119.75635,36.77781],[-119.75587,36.77865],[-119.75516,36.77866],[-119.75516,36.7796],[-119.75484,36.77961],[-119.75456,36.77962],[-119.75436,36.77962],[-119.75415,36.77961],[-119.75351,36.77961],[-119.75329,36.77961],[-119.75283,36.77961],[-119.75267,36.77961],[-119.75256,36.77961],[-119.75256,36.77913],[-119.75217,36.77913],[-119.75217,36.77915],[-119.75046,36.77914],[-119.75019,36.77915],[-119.75018,36.77941],[-119.75017,36.7796],[-119.75014,36.7796],[-119.74994,36.77959],[-119.74951,36.77959],[-119.74938,36.77959],[-119.74932,36.77959],[-119.74924,36.77959],[-119.74905,36.77959],[-119.74901,36.77959],[-119.74897,36.77959],[-119.74871,36.77959],[-119.74827,36.77958],[-119.74822,36.77958],[-119.74817,36.77958],[-119.74801,36.77958],[-119.74784,36.77958],[-119.74754,36.77958],[-119.7471,36.77957],[-119.74577,36.77955],[-119.74533,36.77955],[-119.74469,36.77955],[-119.74469,36.77942],[-119.7447,36.77813],[-119.74314,36.77812],[-119.74314,36.77833],[-119.74314,36.77853],[-119.7426,36.77853],[-119.74226,36.77853],[-119.74225,36.77866],[-119.74225,36.77891],[-119.74156,36.77891],[-119.74134,36.77891],[-119.74134,36.77899],[-119.74134,36.77902],[-119.74125,36.77903],[-119.7408,36.77903],[-119.73627,36.77907],[-119.73627,36.77912],[-119.73626,36.7792],[-119.73626,36.77942],[-119.73626,36.7795],[-119.73626,36.77961],[-119.73627,36.77996],[-119.73627,36.77999],[-119.73627,36.78008],[-119.73627,36.78014],[-119.73627,36.78034],[-119.73628,36.7804],[-119.73628,36.78044],[-119.73628,36.78054],[-119.73628,36.78057],[-119.73628,36.78072],[-119.73628,36.78082],[-119.73628,36.78118],[-119.73627,36.78133],[-119.73627,36.7815],[-119.73626,36.78175],[-119.73626,36.78199],[-119.73626,36.78215],[-119.73627,36.78235],[-119.73628,36.78294],[-119.73628,36.78305],[-119.73627,36.78314],[-119.73626,36.78351],[-119.73625,36.78461],[-119.73625,36.78498],[-119.73626,36.78535],[-119.73626,36.78545],[-119.73621,36.78598],[-119.7361,36.78638],[-119.73607,36.78644],[-119.73592,36.78678],[-119.73508,36.78677],[-119.73255,36.78677],[-119.73171,36.78677],[-119.73171,36.78702],[-119.73171,36.78777],[-119.73171,36.78802],[-119.73172,36.78811],[-119.73172,36.78831],[-119.73171,36.78917],[-119.73171,36.78945],[-119.73092,36.78984],[-119.73049,36.79005],[-119.72957,36.79049],[-119.72944,36.79056],[-119.72904,36.79078],[-119.72861,36.79105],[-119.72846,36.79118],[-119.72811,36.79149],[-119.72805,36.79141],[-119.72765,36.79118],[-119.72718,36.79118],[-119.72654,36.79104],[-119.72617,36.79107],[-119.72576,36.79109],[-119.724,36.79131],[-119.7223,36.79152],[-119.7206,36.79206],[-119.72059,36.79256],[-119.72298,36.79265],[-119.72551,36.79271],[-119.72738,36.79287],[-119.72736,36.79299],[-119.72734,36.79312],[-119.72735,36.79331],[-119.72735,36.79352],[-119.72736,36.79383],[-119.72735,36.79392],[-119.72735,36.79396],[-119.72734,36.79409],[-119.72734,36.79414],[-119.72794,36.79414],[-119.7282,36.79415],[-119.72929,36.79417],[-119.7308,36.7942],[-119.73166,36.79421],[-119.73165,36.79431],[-119.73164,36.79443],[-119.73164,36.79458],[-119.73163,36.79468],[-119.73163,36.79473],[-119.73163,36.79482],[-119.73163,36.79499],[-119.73164,36.79592],[-119.73165,36.79623],[-119.73164,36.79631],[-119.73165,36.79637],[-119.73165,36.7968],[-119.73166,36.79694],[-119.73165,36.79708],[-119.73165,36.79751],[-119.73165,36.79766],[-119.73166,36.79784],[-119.73167,36.79838],[-119.73167,36.79856],[-119.73167,36.79894],[-119.73168,36.80008],[-119.73169,36.80046],[-119.73169,36.80062],[-119.73168,36.80111],[-119.7317,36.80127],[-119.7317,36.80149],[-119.7317,36.80213],[-119.7317,36.80229],[-119.7317,36.80235],[-119.7317,36.8025],[-119.7317,36.80295],[-119.73171,36.8031],[-119.7317,36.80317],[-119.7317,36.80339],[-119.7317,36.80347],[-119.7317,36.80353],[-119.7317,36.80374],[-119.7317,36.80381],[-119.7317,36.80388],[-119.73169,36.80411],[-119.73169,36.80419],[-119.7317,36.80425],[-119.7317,36.80446],[-119.73171,36.80453],[-119.73171,36.80461],[-119.73171,36.80483],[-119.73171,36.8049],[-119.73172,36.80505],[-119.73172,36.80549],[-119.73173,36.80564],[-119.73173,36.8057],[-119.73172,36.80589],[-119.73172,36.80596],[-119.73172,36.80603],[-119.73172,36.80627],[-119.73172,36.80635],[-119.73172,36.80658],[-119.73173,36.80726],[-119.73173,36.80734],[-119.73174,36.80749],[-119.73174,36.8077],[-119.73174,36.80773],[-119.73178,36.8078],[-119.73174,36.80828],[-119.73174,36.80853],[-119.73205,36.80853],[-119.73214,36.80853],[-119.73225,36.80853],[-119.73286,36.80854],[-119.73313,36.80854],[-119.73316,36.80854],[-119.73332,36.80854],[-119.73342,36.80854],[-119.73364,36.80854],[-119.73374,36.80854],[-119.73387,36.80854],[-119.7347,36.80854],[-119.73499,36.80855],[-119.7356,36.80854],[-119.73628,36.80854],[-119.73639,36.80855],[-119.73863,36.80854],[-119.74052,36.80855],[-119.74074,36.80855],[-119.74077,36.80855],[-119.7423,36.80857],[-119.74482,36.80855],[-119.74498,36.80855],[-119.74522,36.80855],[-119.7452,36.80767],[-119.74606,36.80767],[-119.74606,36.80816],[-119.74658,36.80817],[-119.74658,36.8081],[-119.74699,36.80811],[-119.747,36.80768],[-119.74748,36.80768],[-119.74747,36.80809],[-119.74969,36.80815],[-119.75063,36.80811],[-119.75193,36.80811],[-119.75205,36.80808],[-119.75246,36.80808],[-119.7529,36.80807],[-119.7529,36.80814],[-119.75328,36.80814],[-119.75328,36.80844],[-119.75374,36.80844],[-119.75374,36.80818],[-119.75418,36.80818],[-119.75419,36.80787],[-119.7542,36.80769],[-119.75447,36.80755],[-119.75599,36.80754],[-119.75599,36.8077],[-119.75705,36.80771],[-119.75726,36.80746],[-119.75807,36.80746],[-119.75834,36.80744],[-119.75837,36.80746],[-119.75842,36.80754],[-119.75868,36.80802],[-119.75868,36.80816],[-119.75869,36.80832],[-119.75871,36.80853],[-119.75872,36.8086],[-119.75893,36.8086],[-119.75956,36.8086],[-119.75959,36.8086],[-119.75977,36.80859],[-119.75976,36.80829],[-119.75977,36.80805],[-119.75978,36.80744],[-119.76096,36.80747],[-119.76112,36.80748],[-119.76194,36.80747],[-119.76212,36.80747],[-119.76212,36.80752],[-119.76211,36.80773],[-119.7621,36.80838],[-119.7621,36.80852],[-119.7621,36.80859],[-119.76233,36.80858],[-119.763,36.80858],[-119.76307,36.80858],[-119.76322,36.80858],[-119.76367,36.80858],[-119.76425,36.80858],[-119.76504,36.80858],[-119.76527,36.80858],[-119.76549,36.80858],[-119.76549,36.80836],[-119.76549,36.80795],[-119.76887,36.80795],[-119.76923,36.80795],[-119.77002,36.80794],[-119.77003,36.80773],[-119.77003,36.80752],[-119.77003,36.80736],[-119.77004,36.80705],[-119.77004,36.80687],[-119.77005,36.80671],[-119.77049,36.80671],[-119.77183,36.80671],[-119.7719,36.80671],[-119.77206,36.80671],[-119.77228,36.80671],[-119.77228,36.80643],[-119.77229,36.80619],[-119.77229,36.80558],[-119.7723,36.80529],[-119.77362,36.80527],[-119.77761,36.80521],[-119.77894,36.80519],[-119.77907,36.80519],[-119.78135,36.80518],[-119.78135,36.80553],[-119.78135,36.80565],[-119.78135,36.8058],[-119.78135,36.80624],[-119.78135,36.80638],[-119.78135,36.80645],[-119.78135,36.8065],[-119.78135,36.80681],[-119.78291,36.8068],[-119.7829,36.80778],[-119.78336,36.80777],[-119.78348,36.80772],[-119.78351,36.80853],[-119.78359,36.80853],[-119.78377,36.80853],[-119.78395,36.80853],[-119.7845,36.80853],[-119.78469,36.80853],[-119.78483,36.80853],[-119.78502,36.80852],[-119.7851,36.80852],[-119.78526,36.80852],[-119.78541,36.80852],[-119.78545,36.80852],[-119.78553,36.80852],[-119.78591,36.80852],[-119.78604,36.80852],[-119.78617,36.80853],[-119.78657,36.80853],[-119.78671,36.80854],[-119.78688,36.80853],[-119.7874,36.80852],[-119.78758,36.80851],[-119.78759,36.80851],[-119.78763,36.80851],[-119.78767,36.80851],[-119.78822,36.80851],[-119.78988,36.8085],[-119.79043,36.8085],[-119.79062,36.80851],[-119.79088,36.80851],[-119.79223,36.8085],[-119.79268,36.8085],[-119.79269,36.80833],[-119.79269,36.80813],[-119.7927,36.8078],[-119.7927,36.80772],[-119.7927,36.80763],[-119.79269,36.80753],[-119.79269,36.80744],[-119.79159,36.80746],[-119.7916,36.8067],[-119.79158,36.8049],[-119.7916,36.8031],[-119.79162,36.80267],[-119.79162,36.80247],[-119.79162,36.80169],[-119.79114,36.80171],[-119.79114,36.80131],[-119.79066,36.80132],[-119.79057,36.80132],[-119.79048,36.80132],[-119.79048,36.80095],[-119.79047,36.79986],[-119.79047,36.79949],[-119.79066,36.79949],[-119.79092,36.79949],[-119.79228,36.79948],[-119.79274,36.79947],[-119.79285,36.79947],[-119.79314,36.79947],[-119.7932,36.79947],[-119.79332,36.79947],[-119.7933,36.79854],[-119.79385,36.79852],[-119.79385,36.79835],[-119.79387,36.79766],[-119.79373,36.79767],[-119.79353,36.79767],[-119.79294,36.79767],[-119.79274,36.79768],[-119.79274,36.7975],[-119.79275,36.79696],[-119.79276,36.79678],[-119.79276,36.79659],[-119.79275,36.79605],[-119.79275,36.79586],[-119.79256,36.79586],[-119.79208,36.79587],[-119.79197,36.79587],[-119.79178,36.79588],[-119.79152,36.79588],[-119.79074,36.79589],[-119.79059,36.79589],[-119.79049,36.79589],[-119.79049,36.79553],[-119.79052,36.7945],[-119.79052,36.79445],[-119.79052,36.79423],[-119.79051,36.79409],[-119.79087,36.79408],[-119.79192,36.79407],[-119.79198,36.79406],[-119.79227,36.79406],[-119.79227,36.79399],[-119.79227,36.79378],[-119.79227,36.79372],[-119.79227,36.79371],[-119.79227,36.79341],[-119.79228,36.79254],[-119.79228,36.79229],[-119.79231,36.79226],[-119.79241,36.79226],[-119.79272,36.79226],[-119.79282,36.79226],[-119.79282,36.79207],[-119.79282,36.79152],[-119.79282,36.79134],[-119.79282,36.79116],[-119.79283,36.79061],[-119.79283,36.79043],[-119.79236,36.79044],[-119.79096,36.79046],[-119.79062,36.79046],[-119.7905,36.79046],[-119.7905,36.79009],[-119.79051,36.78899],[-119.79052,36.78863],[-119.79059,36.78862],[-119.79097,36.78862],[-119.79233,36.78861],[-119.79278,36.78861],[-119.7928,36.78861],[-119.79323,36.7886],[-119.79458,36.78859],[-119.79503,36.78859],[-119.79503,36.78841],[-119.79504,36.78786],[-119.79504,36.78768],[-119.79465,36.78768],[-119.79349,36.78769],[-119.7931,36.78769],[-119.79304,36.78769],[-119.79287,36.78769],[-119.79281,36.78769],[-119.79277,36.78765],[-119.79277,36.78762],[-119.79276,36.78759],[-119.79278,36.78754],[-119.79277,36.78736],[-119.79277,36.78727],[-119.79277,36.78717],[-119.79279,36.78687],[-119.79279,36.78677],[-119.79324,36.78677],[-119.79458,36.78677],[-119.79503,36.78677],[-119.79548,36.78677],[-119.79685,36.78677],[-119.7973,36.78677],[-119.7973,36.78658],[-119.7973,36.78603],[-119.7973,36.78584],[-119.7973,36.78566],[-119.79731,36.78513]]]},"properties":{"ZCTA5":"93726"}},{"type":"Feature","geometry":{"type":"Polygon","coordinates":[[[-119.93259,36.84446],[-119.93261,36.84421],[-119.93241,36.84381],[-119.93238,36.84363],[-119.93234,36.84337],[-119.93234,36.84332],[-119.93237,36.84321],[-119.93239,36.84313],[-119.93242,36.84309],[-119.9325,36.84303],[-119.93253,36.84301],[-119.93255,36.84299],[-119.93244,36.84293],[-119.93226,36.84284],[-119.92946,36.84129],[-119.9289,36.84098],[-119.92849,36.8407],[-119.92833,36.84058],[-119.92776,36.8402],[-119.92748,36.83998],[-119.92708,36.83968],[-119.92659,36.83928],[-119.92598,36.8388],[-119.92507,36.83811],[-119.92501,36.83806],[-119.92463,36.83775],[-119.92435,36.83752],[-119.92424,36.83743],[-119.92369,36.83701],[-119.92344,36.83682],[-119.92301,36.83646],[-119.92207,36.83571],[-119.92192,36.8356],[-119.92176,36.83547],[-119.92169,36.83541],[-119.92153,36.83529],[-119.92075,36.83468],[-119.92021,36.83425],[-119.91842,36.83282],[-119.91765,36.83221],[-119.91714,36.83178],[-119.91406,36.82932],[-119.91234,36.82796],[-119.91079,36.82674],[-119.90719,36.82389],[-119.90623,36.82314],[-119.90548,36.82252],[-119.90536,36.82242],[-119.90372,36.82113],[-119.90295,36.82052],[-119.89943,36.81772],[-119.89853,36.81702],[-119.89844,36.81694],[-119.89696,36.81577],[-119.89669,36.81555],[-119.89664,36.81551],[-119.8965,36.8154],[-119.89646,36.81536],[-119.89578,36.81478],[-119.89281,36.81241],[-119.89214,36.81188],[-119.89205,36.81181],[-119.89157,36.81144],[-119.89135,36.81126],[-119.89099,36.81097],[-119.89094,36.81093],[-119.89095,36.81091],[-119.89096,36.8109],[-119.89103,36.81085],[-119.89106,36.81084],[-119.89107,36.81083],[-119.89109,36.81081],[-119.89113,36.81078],[-119.89119,36.81073],[-119.89122,36.81071],[-119.89132,36.81064],[-119.8914,36.8106],[-119.89145,36.81058],[-119.89147,36.81057],[-119.89162,36.81048],[-119.8917,36.81045],[-119.89185,36.81038],[-119.89188,36.81036],[-119.89196,36.81032],[-119.89204,36.81028],[-119.89219,36.81021],[-119.89222,36.81018],[-119.8923,36.81015],[-119.89244,36.81007],[-119.89248,36.81005],[-119.89252,36.81003],[-119.89267,36.80995],[-119.89351,36.80954],[-119.89362,36.80947],[-119.89366,36.80946],[-119.89411,36.80923],[-119.8943,36.80914],[-119.89452,36.80902],[-119.8946,36.80898],[-119.89463,36.80896],[-119.89467,36.80894],[-119.89475,36.80891],[-119.89483,36.80887],[-119.89486,36.80885],[-119.89491,36.80884],[-119.89521,36.80868],[-119.89536,36.8086],[-119.89555,36.80851],[-119.89581,36.80838],[-119.89589,36.80835],[-119.89601,36.8083],[-119.89605,36.80829],[-119.89609,36.80829],[-119.89613,36.80827],[-119.89635,36.80824],[-119.89666,36.80821],[-119.89675,36.80822],[-119.89685,36.80821],[-119.89774,36.80821],[-119.89788,36.80822],[-119.89824,36.8082],[-119.89834,36.80822],[-119.89844,36.80824],[-119.89844,36.80818],[-119.89844,36.80817],[-119.89844,36.80802],[-119.89843,36.80798],[-119.89843,36.80657],[-119.89843,36.80443],[-119.89841,36.80433],[-119.8984,36.80403],[-119.89837,36.80364],[-119.89837,36.80294],[-119.89837,36.80236],[-119.89837,36.80224],[-119.8984,36.80095],[-119.8984,36.80088],[-119.8984,36.80079],[-119.8984,36.80075],[-119.89839,36.80021],[-119.89839,36.7983],[-119.89839,36.79824],[-119.89839,36.79799],[-119.89839,36.79725],[-119.89838,36.79608],[-119.89838,36.79599],[-119.89838,36.7958],[-119.89838,36.79532],[-119.89838,36.79352],[-119.89837,36.79327],[-119.89837,36.79271],[-119.89561,36.7927],[-119.89561,36.79232],[-119.895,36.79232],[-119.89499,36.79171],[-119.89387,36.79171],[-119.89386,36.78989],[-119.89611,36.78988],[-119.8961,36.78898],[-119.89609,36.78716],[-119.89609,36.78621],[-119.89836,36.7862],[-119.89834,36.78563],[-119.89833,36.78526],[-119.89833,36.78502],[-119.89833,36.78433],[-119.89832,36.78364],[-119.89832,36.78315],[-119.89832,36.78298],[-119.89832,36.78259],[-119.89833,36.78218],[-119.89833,36.78167],[-119.8983,36.77977],[-119.89829,36.77911],[-119.89828,36.77898],[-119.89785,36.77898],[-119.89662,36.77899],[-119.89657,36.77899],[-119.89614,36.779],[-119.89614,36.77838],[-119.89615,36.77655],[-119.89616,36.77594],[-119.89604,36.77592],[-119.89602,36.77353],[-119.89715,36.77352],[-119.89712,36.77172],[-119.89712,36.77166],[-119.89764,36.77166],[-119.89763,36.77087],[-119.89712,36.77087],[-119.89711,36.76908],[-119.89709,36.76636],[-119.89709,36.76544],[-119.89695,36.76545],[-119.89694,36.76445],[-119.89694,36.76437],[-119.89706,36.76437],[-119.89705,36.76264],[-119.89625,36.76264],[-119.89372,36.76266],[-119.89372,36.76234],[-119.89372,36.76181],[-119.89373,36.75996],[-119.89374,36.75834],[-119.89375,36.75724],[-119.89671,36.75722],[-119.89755,36.75721],[-119.89753,36.75658],[-119.89695,36.75658],[-119.89695,36.75587],[-119.89659,36.75587],[-119.89667,36.75515],[-119.89674,36.75444],[-119.89674,36.75359],[-119.89367,36.7536],[-119.8915,36.75361],[-119.8892,36.75362],[-119.88698,36.75364],[-119.88471,36.75365],[-119.88469,36.75184],[-119.88022,36.75189],[-119.88021,36.75019],[-119.88021,36.75012],[-119.88023,36.75004],[-119.88022,36.75003],[-119.88024,36.74929],[-119.88032,36.74701],[-119.88034,36.7464],[-119.88035,36.74625],[-119.87852,36.74626],[-119.8758,36.74627],[-119.87304,36.74629],[-119.87122,36.74631],[-119.8712,36.74705],[-119.87116,36.74832],[-119.87115,36.74865],[-119.87114,36.74904],[-119.87114,36.74926],[-119.87114,36.74995],[-119.87113,36.75],[-119.87098,36.75001],[-119.87074,36.75001],[-119.86998,36.75001],[-119.86958,36.75],[-119.8692,36.75],[-119.86893,36.74947],[-119.8687,36.74904],[-119.86861,36.74896],[-119.86847,36.74893],[-119.86784,36.74893],[-119.86674,36.74892],[-119.86666,36.74888],[-119.8666,36.74882],[-119.86658,36.74877],[-119.86658,36.74826],[-119.86209,36.7482],[-119.86207,36.74856],[-119.86206,36.74892],[-119.86205,36.74964],[-119.86204,36.74999],[-119.8619,36.74997],[-119.86133,36.74998],[-119.86117,36.74999],[-119.86113,36.74905],[-119.85759,36.74908],[-119.85755,36.74924],[-119.85645,36.74928],[-119.85607,36.7491],[-119.85313,36.74913],[-119.85321,36.75009],[-119.85315,36.75009],[-119.85197,36.7501],[-119.85186,36.7501],[-119.85095,36.75011],[-119.848,36.75014],[-119.84711,36.75014],[-119.84671,36.75014],[-119.8465,36.75014],[-119.84645,36.75014],[-119.84622,36.75014],[-119.84473,36.75016],[-119.84424,36.75017],[-119.84412,36.75015],[-119.84404,36.75015],[-119.84357,36.75015],[-119.84346,36.75015],[-119.84327,36.75015],[-119.8432,36.75015],[-119.84303,36.75016],[-119.84299,36.75016],[-119.8423,36.75016],[-119.84205,36.75016],[-119.84207,36.75025],[-119.84208,36.7505],[-119.84208,36.75089],[-119.84209,36.75308],[-119.84209,36.75381],[-119.84242,36.75379],[-119.84253,36.75379],[-119.84331,36.75379],[-119.84333,36.75561],[-119.84361,36.75561],[-119.84384,36.75561],[-119.84416,36.75561],[-119.84428,36.75561],[-119.84428,36.75598],[-119.84429,36.75654],[-119.84429,36.75709],[-119.84428,36.75745],[-119.84428,36.75777],[-119.84429,36.75846],[-119.84428,36.75871],[-119.84428,36.75903],[-119.84428,36.75944],[-119.84427,36.76066],[-119.84427,36.76107],[-119.84427,36.76123],[-119.84428,36.76295],[-119.84428,36.76319],[-119.84428,36.76381],[-119.84429,36.76469],[-119.84426,36.76469],[-119.8427,36.76468],[-119.84254,36.76468],[-119.84206,36.76468],[-119.84151,36.76468],[-119.8411,36.76468],[-119.84067,36.76468],[-119.84031,36.76467],[-119.83985,36.76467],[-119.83944,36.76467],[-119.83922,36.76467],[-119.83854,36.76466],[-119.83832,36.76466],[-119.83821,36.76466],[-119.83787,36.76466],[-119.83775,36.76466],[-119.83775,36.7649],[-119.83775,36.76514],[-119.83788,36.76514],[-119.83787,36.76555],[-119.83863,36.76552],[-119.83862,36.76595],[-119.83862,36.76608],[-119.8385,36.76607],[-119.83849,36.76651],[-119.83881,36.7665],[-119.83998,36.76654],[-119.84003,36.76832],[-119.84047,36.76835],[-119.84058,36.76831],[-119.84216,36.7683],[-119.84216,36.77014],[-119.84428,36.77014],[-119.84431,36.77143],[-119.84432,36.77196],[-119.84393,36.77194],[-119.84381,36.77194],[-119.84228,36.77195],[-119.84177,36.77196],[-119.8404,36.77189],[-119.83929,36.77189],[-119.83882,36.77189],[-119.83857,36.77189],[-119.83839,36.77189],[-119.83795,36.7719],[-119.8379,36.7719],[-119.83761,36.7719],[-119.83748,36.77189],[-119.8374,36.77189],[-119.83707,36.77189],[-119.83735,36.77216],[-119.8374,36.77219],[-119.83837,36.77309],[-119.83869,36.77339],[-119.84106,36.77581],[-119.84154,36.77637],[-119.84425,36.77952],[-119.84645,36.78208],[-119.84699,36.78284],[-119.84985,36.78547],[-119.85007,36.78567],[-119.85293,36.7882],[-119.85286,36.78823],[-119.85282,36.78826],[-119.85278,36.78826],[-119.85254,36.78835],[-119.85233,36.7884],[-119.85226,36.78844],[-119.85216,36.78847],[-119.85215,36.78847],[-119.85112,36.78753],[-119.851,36.78743],[-119.8509,36.78733],[-119.8499,36.78644],[-119.84887,36.78547],[-119.84437,36.78141],[-119.84436,36.78164],[-119.84436,36.78242],[-119.84433,36.78545],[-119.84432,36.78597],[-119.84432,36.78645],[-119.84409,36.78645],[-119.84377,36.78646],[-119.84342,36.78646],[-119.84342,36.78656],[-119.8437,36.78656],[-119.84369,36.78758],[-119.84377,36.78758],[-119.84377,36.78828],[-119.84409,36.78827],[-119.84424,36.78827],[-119.8443,36.78828],[-119.8442,36.78836],[-119.8442,36.78853],[-119.84376,36.78854],[-119.84375,36.79008],[-119.84431,36.79007],[-119.84431,36.79027],[-119.84431,36.79043],[-119.8443,36.79051],[-119.8443,36.79053],[-119.8443,36.79061],[-119.8443,36.79074],[-119.8443,36.79082],[-119.84429,36.79096],[-119.84428,36.7914],[-119.84428,36.79154],[-119.84428,36.79169],[-119.84429,36.79213],[-119.8443,36.79228],[-119.84429,36.79257],[-119.84427,36.79343],[-119.84427,36.79372],[-119.84427,36.79391],[-119.84428,36.794],[-119.84428,36.7945],[-119.84428,36.7947],[-119.84428,36.79504],[-119.84428,36.79511],[-119.84428,36.79607],[-119.84428,36.79641],[-119.84428,36.79647],[-119.84428,36.79665],[-119.84428,36.79671],[-119.84429,36.79699],[-119.8443,36.79781],[-119.8443,36.79808],[-119.8443,36.79815],[-119.8443,36.79836],[-119.8443,36.79843],[-119.8443,36.79865],[-119.8443,36.79877],[-119.84431,36.7993],[-119.84431,36.79951],[-119.84431,36.79958],[-119.84432,36.79977],[-119.84432,36.79983],[-119.84432,36.7999],[-119.84432,36.8001],[-119.84432,36.80017],[-119.84432,36.80018],[-119.84432,36.80022],[-119.84432,36.80023],[-119.84433,36.80054],[-119.84433,36.80066],[-119.84433,36.80075],[-119.84433,36.801],[-119.84435,36.80281],[-119.84435,36.80353],[-119.84435,36.80367],[-119.84435,36.8041],[-119.84435,36.80424],[-119.84435,36.80438],[-119.84435,36.80481],[-119.84435,36.80495],[-119.84435,36.8051],[-119.84436,36.80553],[-119.84436,36.80567],[-119.84437,36.80582],[-119.84437,36.80619],[-119.84437,36.80624],[-119.84438,36.80639],[-119.84438,36.80648],[-119.84438,36.80663],[-119.84454,36.80673],[-119.84851,36.80673],[-119.8485,36.80615],[-119.85347,36.80615],[-119.85372,36.80613],[-119.85372,36.806],[-119.85361,36.80575],[-119.85346,36.80559],[-119.85346,36.80424],[-119.85348,36.80418],[-119.8535,36.8041],[-119.85351,36.8041],[-119.85368,36.80415],[-119.85393,36.80422],[-119.85401,36.80425],[-119.85405,36.80425],[-119.8543,36.80433],[-119.85438,36.80436],[-119.85441,36.80438],[-119.85457,36.80445],[-119.85462,36.80446],[-119.85466,36.80447],[-119.8547,36.80449],[-119.85483,36.80451],[-119.8549,36.80455],[-119.85495,36.80455],[-119.85503,36.80458],[-119.85518,36.80466],[-119.8553,36.8047],[-119.85535,36.80471],[-119.85554,36.8048],[-119.85562,36.80482],[-119.85578,36.80489],[-119.85586,36.80492],[-119.85598,36.80497],[-119.85625,36.80509],[-119.8563,36.8051],[-119.85634,36.8051],[-119.85661,36.80523],[-119.85673,36.80527],[-119.85681,36.80529],[-119.85686,36.80531],[-119.85697,36.80537],[-119.85701,36.80538],[-119.85729,36.80549],[-119.85737,36.80552],[-119.85756,36.80561],[-119.85772,36.80567],[-119.85777,36.80568],[-119.85797,36.80576],[-119.85804,36.80579],[-119.85806,36.80579],[-119.85808,36.80581],[-119.85857,36.806],[-119.85865,36.80603],[-119.85868,36.80605],[-119.8588,36.8061],[-119.85888,36.80613],[-119.85897,36.80617],[-119.85904,36.8062],[-119.85912,36.80622],[-119.8592,36.80626],[-119.8594,36.80634],[-119.85948,36.80637],[-119.85956,36.80641],[-119.85976,36.80648],[-119.86004,36.8066],[-119.86012,36.80663],[-119.86027,36.8067],[-119.86035,36.80673],[-119.86044,36.80676],[-119.86051,36.80679],[-119.86063,36.80684],[-119.86067,36.80686],[-119.86107,36.80702],[-119.86115,36.80705],[-119.86119,36.80706],[-119.8613,36.80711],[-119.86142,36.80716],[-119.86151,36.80719],[-119.86154,36.8072],[-119.86161,36.80725],[-119.86166,36.80726],[-119.86169,36.80728],[-119.86171,36.80728],[-119.86174,36.80729],[-119.86182,36.80731],[-119.86193,36.80737],[-119.86218,36.80746],[-119.86229,36.80752],[-119.86237,36.80755],[-119.86259,36.80767],[-119.86261,36.80768],[-119.86262,36.80774],[-119.86262,36.8078],[-119.86263,36.80815],[-119.86263,36.80818],[-119.86261,36.80827],[-119.86258,36.81182],[-119.86257,36.81315],[-119.8619,36.81313],[-119.8619,36.81321],[-119.86187,36.81324],[-119.86183,36.81325],[-119.86177,36.81326],[-119.86166,36.81325],[-119.86157,36.81325],[-119.8615,36.81323],[-119.86145,36.81323],[-119.86132,36.81325],[-119.86115,36.81329],[-119.86097,36.81331],[-119.86087,36.81331],[-119.86073,36.81331],[-119.86053,36.81326],[-119.86044,36.81324],[-119.86028,36.81324],[-119.86029,36.81374],[-119.86042,36.81374],[-119.86062,36.81373],[-119.86101,36.81373],[-119.86123,36.81374],[-119.86139,36.81376],[-119.86139,36.81454],[-119.86144,36.81541],[-119.86171,36.81541],[-119.86221,36.81541],[-119.86251,36.81542],[-119.86276,36.81541],[-119.86278,36.81541],[-119.86284,36.81562],[-119.86293,36.81579],[-119.863,36.81592],[-119.86325,36.81624],[-119.86312,36.81635],[-119.86291,36.81653],[-119.86279,36.81663],[-119.86268,36.81672],[-119.86263,36.81686],[-119.86265,36.81696],[-119.8627,36.81707],[-119.86268,36.8183],[-119.86261,36.819],[-119.8626,36.81905],[-119.86258,36.8196],[-119.86256,36.81978],[-119.86254,36.82039],[-119.86255,36.82078],[-119.86256,36.82117],[-119.86256,36.82139],[-119.86258,36.82154],[-119.86263,36.82166],[-119.86271,36.82177],[-119.86283,36.82188],[-119.86379,36.8225],[-119.86391,36.82264],[-119.86381,36.82264],[-119.86352,36.82265],[-119.86342,36.82265],[-119.86336,36.82265],[-119.8632,36.82267],[-119.86314,36.82267],[-119.86302,36.82268],[-119.86266,36.8227],[-119.86254,36.82271],[-119.86255,36.82282],[-119.86255,36.82286],[-119.86254,36.82314],[-119.86254,36.82324],[-119.86254,36.82362],[-119.86253,36.82394],[-119.86248,36.82445],[-119.86253,36.82457],[-119.86252,36.82474],[-119.86251,36.82523],[-119.86251,36.82539],[-119.8625,36.8255],[-119.86249,36.82582],[-119.86249,36.82592],[-119.86249,36.82607],[-119.86249,36.82629],[-119.86249,36.82634],[-119.86249,36.82653],[-119.86248,36.82668],[-119.86248,36.82713],[-119.86247,36.82793],[-119.86245,36.82832],[-119.86244,36.82848],[-119.86242,36.82892],[-119.86242,36.82934],[-119.86242,36.82939],[-119.86242,36.82994],[-119.86242,36.83153],[-119.86241,36.83166],[-119.86242,36.83353],[-119.86242,36.83702],[-119.86242,36.83706],[-119.86241,36.83719],[-119.86241,36.83723],[-119.8636,36.83721],[-119.86382,36.8372],[-119.86559,36.83718],[-119.86795,36.83713],[-119.86804,36.83713],[-119.86944,36.8371],[-119.86941,36.83735],[-119.86942,36.83746],[-119.86943,36.83764],[-119.86947,36.83858],[-119.8695,36.83881],[-119.86954,36.83895],[-119.86963,36.83906],[-119.86974,36.83915],[-119.86997,36.8393],[-119.87019,36.83945],[-119.87043,36.83962],[-119.87113,36.84012],[-119.87137,36.84029],[-119.8714,36.84032],[-119.87148,36.84038],[-119.87151,36.8404],[-119.87153,36.84041],[-119.87161,36.84047],[-119.87163,36.84049],[-119.87166,36.84051],[-119.87174,36.84057],[-119.87177,36.84059],[-119.87191,36.84069],[-119.87234,36.841],[-119.87248,36.8411],[-119.87291,36.84141],[-119.87422,36.84235],[-119.87465,36.84266],[-119.87468,36.84296],[-119.87469,36.84315],[-119.87246,36.84297],[-119.87241,36.84294],[-119.87225,36.84288],[-119.8722,36.84286],[-119.87125,36.8422],[-119.87061,36.84175],[-119.87019,36.84145],[-119.86895,36.84055],[-119.86853,36.84025],[-119.86828,36.84006],[-119.86752,36.83951],[-119.86726,36.83932],[-119.8671,36.8392],[-119.86707,36.83918],[-119.86705,36.83917],[-119.86697,36.83911],[-119.86691,36.83905],[-119.86686,36.83901],[-119.86679,36.83896],[-119.86657,36.8388],[-119.86628,36.83861],[-119.86624,36.83858],[-119.8662,36.83856],[-119.86609,36.83851],[-119.86607,36.8385],[-119.86604,36.8385],[-119.8659,36.83846],[-119.86584,36.83845],[-119.8656,36.83843],[-119.86551,36.83843],[-119.86552,36.83864],[-119.86554,36.83931],[-119.86555,36.83977],[-119.86555,36.83989],[-119.86556,36.83999],[-119.86557,36.84036],[-119.86557,36.84045],[-119.86557,36.84067],[-119.86558,36.84092],[-119.86558,36.84098],[-119.86559,36.84114],[-119.86559,36.84128],[-119.86559,36.84135],[-119.8656,36.84158],[-119.8656,36.84166],[-119.86561,36.84188],[-119.86561,36.84203],[-119.86562,36.84217],[-119.86562,36.84221],[-119.86562,36.84239],[-119.86563,36.84269],[-119.86564,36.84285],[-119.86564,36.84286],[-119.86565,36.84345],[-119.86698,36.84315],[-119.86836,36.84289],[-119.86955,36.84277],[-119.87073,36.84283],[-119.87124,36.843],[-119.87141,36.84306],[-119.87215,36.84354],[-119.87238,36.84375],[-119.87276,36.84402],[-119.87316,36.84419],[-119.87389,36.84439],[-119.87454,36.84456],[-119.87481,36.84451],[-119.87477,36.84459],[-119.87475,36.84482],[-119.8749,36.84753],[-119.87501,36.85141],[-119.87503,36.8536],[-119.87503,36.85376],[-119.87503,36.85388],[-119.87501,36.85426],[-119.87648,36.85485],[-119.87868,36.85571],[-119.87927,36.85593],[-119.87938,36.85598],[-119.87946,36.85601],[-119.87952,36.85603],[-119.88006,36.85629],[-119.88148,36.85695],[-119.88208,36.85721],[-119.88308,36.85766],[-119.88347,36.85784],[-119.88395,36.85808],[-119.88487,36.85854],[-119.88489,36.85855],[-119.88499,36.85848],[-119.88509,36.85843],[-119.8857,36.85807],[-119.88591,36.85795],[-119.88577,36.85791],[-119.88564,36.85787],[-119.88556,36.85784],[-119.88547,36.85781],[-119.88528,36.85775],[-119.88544,36.85758],[-119.88583,36.85716],[-119.88608,36.85689],[-119.88642,36.85653],[-119.88679,36.85613],[-119.88712,36.85577],[-119.88717,36.85572],[-119.88743,36.85543],[-119.88755,36.85531],[-119.88766,36.85519],[-119.88771,36.85513],[-119.88777,36.85507],[-119.88806,36.85488],[-119.88793,36.85475],[-119.88802,36.85364],[-119.8882,36.85288],[-119.88823,36.85267],[-119.88836,36.85229],[-119.88846,36.85216],[-119.88861,36.85211],[-119.88884,36.85205],[-119.88907,36.85199],[-119.88922,36.85195],[-119.88952,36.85184],[-119.88973,36.8517],[-119.88983,36.85163],[-119.8903,36.85153],[-119.89139,36.85159],[-119.89269,36.85174],[-119.89273,36.85176],[-119.8928,36.85175],[-119.89337,36.85182],[-119.89351,36.85191],[-119.89371,36.85204],[-119.89487,36.85202],[-119.89493,36.85209],[-119.89554,36.85217],[-119.89569,36.85218],[-119.8963,36.85226],[-119.89638,36.85233],[-119.89659,36.85252],[-119.89704,36.85245],[-119.8976,36.85227],[-119.89795,36.85222],[-119.89833,36.85219],[-119.89857,36.85218],[-119.89904,36.85224],[-119.89948,36.85222],[-119.89987,36.85207],[-119.90041,36.85188],[-119.901,36.85191],[-119.90119,36.85191],[-119.90142,36.85196],[-119.90166,36.85199],[-119.90192,36.85196],[-119.9023,36.85195],[-119.90289,36.8518],[-119.90299,36.85177],[-119.90324,36.85175],[-119.90402,36.85155],[-119.90437,36.85144],[-119.90463,36.85133],[-119.90503,36.85113],[-119.9059,36.85043],[-119.906,36.85031],[-119.90608,36.85018],[-119.90616,36.85002],[-119.90633,36.8498],[-119.90653,36.84959],[-119.90691,36.84933],[-119.90736,36.84889],[-119.90748,36.84874],[-119.90767,36.84844],[-119.90788,36.84805],[-119.90821,36.84767],[-119.90828,36.84755],[-119.90835,36.84727],[-119.90835,36.84721],[-119.90848,36.84692],[-119.90873,36.84663],[-119.90881,36.84655],[-119.90929,36.84627],[-119.9096,36.8461],[-119.9105,36.8458],[-119.91074,36.84575],[-119.9109,36.84569],[-119.91125,36.84568],[-119.91138,36.84565],[-119.91165,36.84557],[-119.91192,36.84543],[-119.91213,36.84537],[-119.91274,36.84526],[-119.91295,36.84525],[-119.91328,36.84518],[-119.91409,36.84517],[-119.9143,36.84514],[-119.91479,36.84502],[-119.91539,36.84496],[-119.91619,36.84492],[-119.91633,36.84494],[-119.91661,36.84493],[-119.91696,36.84497],[-119.91798,36.84502],[-119.91831,36.84508],[-119.91849,36.84512],[-119.91866,36.84523],[-119.91922,36.84562],[-119.91941,36.84573],[-119.91953,36.84576],[-119.92005,36.84597],[-119.92029,36.84611],[-119.92048,36.84626],[-119.92073,36.8464],[-119.921,36.84648],[-119.92121,36.84655],[-119.92177,36.84668],[-119.92227,36.84688],[-119.92257,36.84704],[-119.92283,36.84718],[-119.92304,36.84739],[-119.9231,36.84753],[-119.92328,36.84772],[-119.92356,36.84783],[-119.92383,36.84781],[-119.92508,36.84782],[-119.92518,36.84783],[-119.92557,36.84795],[-119.92604,36.84812],[-119.92647,36.84831],[-119.92661,36.8484],[-119.92677,36.84847],[-119.92708,36.84857],[-119.92755,36.84857],[-119.92809,36.84848],[-119.92878,36.84812],[-119.92925,36.84789],[-119.92938,36.84766],[-119.93022,36.84693],[-119.93051,36.84668],[-119.93069,36.84652],[-119.93124,36.84604],[-119.93128,36.84601],[-119.93136,36.84589],[-119.9314,36.84585],[-119.93143,36.8458],[-119.93153,36.84567],[-119.93156,36.84562],[-119.93217,36.84481],[-119.93259,36.84446]]]},"properties":{"ZCTA5":"93722"}},{"type":"Feature","geometry":{"type":"Polygon","coordinates":[[[-119.77438,36.73475],[-119.77527,36.73412],[-119.77279,36.73186],[-119.77267,36.73175],[-119.77252,36.73163],[-119.77225,36.73137],[-119.77215,36.73126],[-119.77209,36.73113],[-119.77208,36.73071],[-119.77209,36.73033],[-119.77209,36.73025],[-119.77209,36.72968],[-119.77177,36.72864],[-119.77251,36.72865],[-119.77264,36.72865],[-119.77264,36.72794],[-119.77264,36.7258],[-119.77264,36.72509],[-119.77265,36.72456],[-119.77266,36.72297],[-119.77266,36.72244],[-119.77267,36.72223],[-119.77267,36.72162],[-119.77267,36.72142],[-119.77267,36.72141],[-119.77267,36.72137],[-119.77267,36.72135],[-119.77262,36.72135],[-119.77247,36.72136],[-119.77242,36.72136],[-119.77234,36.72136],[-119.7721,36.72137],[-119.77202,36.72137],[-119.77203,36.72127],[-119.77203,36.72116],[-119.77201,36.72053],[-119.77201,36.72032],[-119.77189,36.72048],[-119.77173,36.72063],[-119.77164,36.72066],[-119.77151,36.72072],[-119.77121,36.72076],[-119.77082,36.72079],[-119.77013,36.72079],[-119.76963,36.72079],[-119.76906,36.7208],[-119.76782,36.72083],[-119.76744,36.72096],[-119.76738,36.721],[-119.76702,36.72128],[-119.76696,36.72137],[-119.76675,36.72137],[-119.76612,36.72137],[-119.76591,36.72138],[-119.76582,36.72137],[-119.76568,36.72137],[-119.765,36.72137],[-119.76478,36.72136],[-119.7646,36.72136],[-119.76405,36.72136],[-119.76387,36.72136],[-119.76382,36.72136],[-119.76374,36.72136],[-119.76369,36.72136],[-119.76365,36.72136],[-119.76365,36.72139],[-119.76323,36.72139],[-119.76198,36.72139],[-119.76156,36.72139],[-119.76151,36.72139],[-119.76136,36.72139],[-119.76131,36.72139],[-119.76042,36.72139],[-119.75879,36.7214],[-119.75777,36.72141],[-119.75735,36.72141],[-119.75689,36.72139],[-119.75644,36.72139],[-119.75511,36.7214],[-119.75466,36.7214],[-119.75435,36.7214],[-119.75357,36.7214],[-119.75341,36.7214],[-119.7531,36.7214],[-119.75272,36.7214],[-119.75195,36.72139],[-119.75158,36.72139],[-119.75121,36.72139],[-119.75074,36.72139],[-119.74936,36.72139],[-119.7489,36.72139],[-119.74823,36.72139],[-119.74623,36.72138],[-119.74557,36.72138],[-119.74375,36.72138],[-119.74149,36.72138],[-119.73945,36.72138],[-119.7383,36.72138],[-119.7377,36.72137],[-119.73706,36.72138],[-119.73648,36.72138],[-119.73638,36.72137],[-119.7362,36.72138],[-119.73582,36.72139],[-119.73535,36.72142],[-119.73507,36.72143],[-119.73454,36.72146],[-119.73295,36.72155],[-119.73243,36.72157],[-119.73231,36.72158],[-119.73198,36.7216],[-119.73187,36.7216],[-119.73098,36.72165],[-119.72846,36.72177],[-119.72833,36.72178],[-119.72745,36.72184],[-119.72745,36.72186],[-119.72744,36.72192],[-119.72744,36.72194],[-119.72861,36.72188],[-119.72982,36.72181],[-119.7309,36.72175],[-119.7309,36.72215],[-119.7309,36.72333],[-119.73117,36.72341],[-119.73138,36.72347],[-119.73159,36.72352],[-119.73183,36.72356],[-119.73199,36.72357],[-119.73245,36.72357],[-119.73254,36.72385],[-119.7327,36.72404],[-119.73277,36.72412],[-119.73279,36.72416],[-119.73274,36.72422],[-119.73271,36.72424],[-119.73267,36.72427],[-119.73263,36.72429],[-119.73261,36.72431],[-119.73256,36.72437],[-119.73254,36.72441],[-119.73253,36.72444],[-119.73251,36.72451],[-119.7325,36.72455],[-119.73247,36.7246],[-119.73244,36.72463],[-119.73242,36.72466],[-119.73242,36.7247],[-119.73243,36.72473],[-119.73248,36.72476],[-119.73254,36.72477],[-119.73269,36.72478],[-119.73308,36.7248],[-119.73335,36.7248],[-119.73349,36.72477],[-119.73362,36.72472],[-119.73376,36.72462],[-119.73388,36.72444],[-119.73394,36.72426],[-119.73421,36.72431],[-119.73455,36.7244],[-119.73476,36.7244],[-119.73488,36.72438],[-119.73507,36.72432],[-119.7352,36.72426],[-119.7353,36.7242],[-119.73538,36.72414],[-119.7355,36.72403],[-119.73559,36.72377],[-119.73601,36.72376],[-119.73646,36.72369],[-119.73646,36.72383],[-119.73646,36.72425],[-119.73647,36.72439],[-119.73647,36.72453],[-119.73647,36.72495],[-119.73647,36.72509],[-119.73647,36.72524],[-119.73646,36.72569],[-119.73646,36.72584],[-119.73645,36.72641],[-119.73641,36.7281],[-119.7364,36.72867],[-119.7364,36.72885],[-119.7364,36.7294],[-119.7364,36.72958],[-119.7364,36.72976],[-119.7364,36.73018],[-119.73438,36.73018],[-119.73439,36.73053],[-119.73421,36.73053],[-119.7341,36.73054],[-119.7341,36.73097],[-119.73345,36.73098],[-119.73346,36.7313],[-119.73361,36.73131],[-119.7336,36.73175],[-119.734,36.7317],[-119.73415,36.73171],[-119.73497,36.7318],[-119.73638,36.73181],[-119.73637,36.73193],[-119.73636,36.73214],[-119.73636,36.7323],[-119.73636,36.73232],[-119.73563,36.73232],[-119.73563,36.73275],[-119.73416,36.73275],[-119.73417,36.73357],[-119.73635,36.73359],[-119.73635,36.7339],[-119.73635,36.73408],[-119.73635,36.73425],[-119.73635,36.73479],[-119.73634,36.73497],[-119.73635,36.73516],[-119.73635,36.73572],[-119.73635,36.73573],[-119.73634,36.73592],[-119.73634,36.73611],[-119.73634,36.73614],[-119.73632,36.73668],[-119.73631,36.73688],[-119.73631,36.73705],[-119.73631,36.73759],[-119.73631,36.73777],[-119.73631,36.73789],[-119.73632,36.73867],[-119.73632,36.73882],[-119.73632,36.73939],[-119.73631,36.73956],[-119.73633,36.74045],[-119.73633,36.74063],[-119.73634,36.74118],[-119.73634,36.74136],[-119.73634,36.74173],[-119.73636,36.74282],[-119.73636,36.74319],[-119.73636,36.74337],[-119.73636,36.74392],[-119.73636,36.7441],[-119.73636,36.745],[-119.73636,36.74591],[-119.73636,36.74593],[-119.73635,36.74678],[-119.73635,36.74686],[-119.73637,36.74772],[-119.73638,36.74863],[-119.73638,36.74881],[-119.73588,36.74881],[-119.73588,36.74931],[-119.73638,36.74935],[-119.73638,36.74952],[-119.73637,36.74971],[-119.73635,36.75026],[-119.73634,36.75045],[-119.73634,36.75063],[-119.73633,36.75118],[-119.73633,36.75136],[-119.73633,36.75154],[-119.73632,36.75208],[-119.73632,36.75226],[-119.73631,36.75244],[-119.73628,36.75299],[-119.73628,36.75316],[-119.73628,36.75317],[-119.73628,36.75335],[-119.73627,36.75389],[-119.73627,36.75407],[-119.73627,36.75422],[-119.73628,36.75442],[-119.73628,36.75447],[-119.73628,36.75459],[-119.73628,36.75485],[-119.73628,36.75491],[-119.73628,36.75503],[-119.73628,36.75508],[-119.73628,36.75513],[-119.73628,36.75543],[-119.73628,36.75578],[-119.73629,36.756],[-119.73629,36.75616],[-119.73631,36.75665],[-119.73631,36.75681],[-119.73631,36.75699],[-119.73632,36.75752],[-119.73632,36.75769],[-119.73632,36.75788],[-119.73632,36.75843],[-119.73632,36.75862],[-119.73678,36.75862],[-119.73817,36.75862],[-119.73864,36.75862],[-119.73863,36.75844],[-119.73863,36.7579],[-119.73863,36.75772],[-119.73908,36.75771],[-119.74044,36.75771],[-119.74066,36.75771],[-119.74089,36.7577],[-119.74135,36.7577],[-119.74254,36.75771],[-119.74272,36.75771],[-119.74317,36.75771],[-119.74362,36.75771],[-119.74496,36.75771],[-119.74517,36.75771],[-119.74541,36.75772],[-119.74586,36.75772],[-119.74721,36.75772],[-119.74741,36.75772],[-119.74766,36.75772],[-119.74875,36.75773],[-119.74886,36.75773],[-119.7491,36.75773],[-119.74935,36.75773],[-119.74967,36.75773],[-119.74997,36.75773],[-119.74998,36.75792],[-119.75,36.75818],[-119.75219,36.75816],[-119.75447,36.75813],[-119.75446,36.75772],[-119.75462,36.75772],[-119.75495,36.75772],[-119.7556,36.75772],[-119.7556,36.75783],[-119.7556,36.75847],[-119.75612,36.75847],[-119.75611,36.75814],[-119.75663,36.75814],[-119.75663,36.75822],[-119.75671,36.75822],[-119.75722,36.75822],[-119.75767,36.75822],[-119.75812,36.75819],[-119.75899,36.75819],[-119.75909,36.75819],[-119.75909,36.75868],[-119.75961,36.75867],[-119.75961,36.75818],[-119.76013,36.75817],[-119.76066,36.75815],[-119.76065,36.75771],[-119.76078,36.75771],[-119.76123,36.75771],[-119.76135,36.75783],[-119.76135,36.75801],[-119.76195,36.758],[-119.76195,36.75821],[-119.76237,36.7582],[-119.76237,36.75844],[-119.7629,36.75843],[-119.76289,36.75821],[-119.76337,36.75821],[-119.76348,36.75819],[-119.76361,36.75815],[-119.76525,36.75815],[-119.76566,36.75816],[-119.76573,36.75816],[-119.76586,36.75815],[-119.7674,36.75814],[-119.76791,36.75817],[-119.76798,36.75817],[-119.76811,36.75817],[-119.77024,36.75817],[-119.77025,36.75788],[-119.77025,36.7577],[-119.77053,36.75769],[-119.77053,36.75817],[-119.7719,36.75817],[-119.7719,36.75769],[-119.77204,36.75769],[-119.77249,36.75769],[-119.77249,36.75751],[-119.77249,36.75697],[-119.77249,36.75678],[-119.77249,36.7566],[-119.77249,36.75607],[-119.77249,36.75589],[-119.77249,36.75571],[-119.77249,36.7553],[-119.7725,36.75516],[-119.7725,36.75509],[-119.7725,36.75498],[-119.7725,36.75495],[-119.7725,36.75488],[-119.7725,36.75486],[-119.7725,36.75467],[-119.7725,36.75462],[-119.7725,36.75459],[-119.77249,36.7545],[-119.77249,36.75441],[-119.77249,36.7542],[-119.77249,36.7541],[-119.77249,36.75392],[-119.77248,36.75371],[-119.77247,36.7531],[-119.77247,36.75289],[-119.77247,36.75278],[-119.77248,36.75248],[-119.77248,36.75245],[-119.77248,36.75234],[-119.77248,36.75217],[-119.77249,36.75165],[-119.77249,36.75162],[-119.77249,36.75148],[-119.77249,36.75127],[-119.77248,36.75065],[-119.77248,36.75061],[-119.77248,36.75044],[-119.77248,36.75026],[-119.77248,36.74972],[-119.77248,36.74954],[-119.77248,36.74936],[-119.77249,36.74881],[-119.77249,36.74862],[-119.77249,36.74844],[-119.7725,36.74791],[-119.7725,36.74773],[-119.7725,36.74754],[-119.77251,36.74699],[-119.77251,36.74681],[-119.77251,36.74663],[-119.77251,36.74609],[-119.77251,36.74591],[-119.7725,36.74573],[-119.77248,36.74519],[-119.77247,36.74501],[-119.77245,36.74411],[-119.77243,36.74317],[-119.77243,36.7431],[-119.77243,36.7429],[-119.77243,36.74283],[-119.77243,36.74274],[-119.77243,36.74263],[-119.77243,36.74203],[-119.77243,36.74184],[-119.77243,36.7416],[-119.77243,36.74091],[-119.77243,36.74068],[-119.77243,36.74042],[-119.77244,36.73965],[-119.77244,36.73939],[-119.77245,36.73913],[-119.77248,36.73836],[-119.77249,36.73811],[-119.7725,36.73788],[-119.77252,36.73721],[-119.77253,36.73698],[-119.77253,36.73676],[-119.77254,36.73609],[-119.77254,36.73587],[-119.77254,36.73572],[-119.77254,36.73566],[-119.77255,36.73503],[-119.77256,36.73482],[-119.77255,36.73462],[-119.77254,36.734],[-119.77254,36.7338],[-119.77256,36.7331],[-119.77276,36.7333],[-119.77327,36.73378],[-119.77349,36.73397],[-119.77416,36.73456],[-119.77438,36.73475]]]},"properties":{"ZCTA5":"93702"}},{"type":"Feature","geometry":{"type":"Polygon","coordinates":[[[-120.05477,36.59454],[-120.05536,36.59406],[-120.05474,36.59406],[-120.05286,36.59406],[-120.05224,36.59405],[-120.05047,36.59405],[-120.04518,36.59402],[-120.04342,36.59402],[-120.0424,36.59401],[-120.03935,36.594],[-120.03833,36.594],[-120.03761,36.59399],[-120.03544,36.59398],[-120.03472,36.59398],[-120.03289,36.59397],[-120.02738,36.59395],[-120.02555,36.59394],[-120.02555,36.59301],[-120.02555,36.59022],[-120.02555,36.58929],[-120.02554,36.58645],[-120.0255,36.57808],[-120.02549,36.5779],[-120.02536,36.57506],[-120.02178,36.57507],[-120.01379,36.5751],[-120.01104,36.57505],[-120.00746,36.57499],[-120.00746,36.57351],[-120.00744,36.56909],[-120.00744,36.56762],[-120.00742,36.56631],[-120.00737,36.56238],[-120.00736,36.56108],[-120.00736,36.55965],[-120.00739,36.55536],[-120.00739,36.55394],[-120.00741,36.55247],[-120.00746,36.54806],[-120.00748,36.54659],[-120.00618,36.54659],[-120.00228,36.5466],[-120.00098,36.5466],[-119.99869,36.54667],[-119.99183,36.54687],[-119.98955,36.54694],[-119.98955,36.5468],[-119.98955,36.54673],[-119.98359,36.54677],[-119.97504,36.54679],[-119.96074,36.54682],[-119.95362,36.54685],[-119.95361,36.54805],[-119.95359,36.55164],[-119.95358,36.55284],[-119.95357,36.55456],[-119.95354,36.55973],[-119.95353,36.56145],[-119.95353,36.56282],[-119.9535,36.56695],[-119.95349,36.56832],[-119.95349,36.56839],[-119.95349,36.56861],[-119.95349,36.56868],[-119.95348,36.57],[-119.95345,36.57396],[-119.95344,36.57528],[-119.94978,36.57531],[-119.94446,36.57535],[-119.93882,36.5754],[-119.93516,36.57544],[-119.93155,36.57546],[-119.92071,36.57553],[-119.91834,36.57555],[-119.9171,36.57556],[-119.91709,36.57702],[-119.91707,36.58138],[-119.91707,36.58166],[-119.91706,36.58283],[-119.91704,36.58573],[-119.91701,36.58943],[-119.917,36.59328],[-119.91698,36.59443],[-119.91695,36.59733],[-119.91694,36.59878],[-119.9169,36.60307],[-119.9169,36.60313],[-119.91691,36.60458],[-119.91511,36.60459],[-119.90971,36.60465],[-119.90791,36.60467],[-119.90753,36.60467],[-119.90641,36.60467],[-119.90603,36.60467],[-119.90595,36.60467],[-119.9057,36.60468],[-119.90562,36.60468],[-119.90607,36.60505],[-119.90743,36.60616],[-119.90788,36.60653],[-119.90788,36.60689],[-119.90789,36.60796],[-119.9079,36.60832],[-119.90701,36.60831],[-119.90699,36.60831],[-119.90523,36.60832],[-119.90427,36.60833],[-119.90337,36.60835],[-119.90338,36.60762],[-119.90339,36.60671],[-119.90344,36.60543],[-119.90347,36.6047],[-119.90255,36.6047],[-119.89981,36.60472],[-119.8989,36.60473],[-119.89709,36.60474],[-119.89167,36.60478],[-119.88987,36.60479],[-119.88986,36.60407],[-119.88986,36.60265],[-119.88987,36.6019],[-119.88988,36.60117],[-119.8899,36.59923],[-119.88992,36.59704],[-119.88992,36.59699],[-119.88993,36.59339],[-119.88993,36.59222],[-119.88995,36.59145],[-119.88968,36.59122],[-119.88886,36.59053],[-119.88859,36.5903],[-119.89066,36.59028],[-119.8969,36.59024],[-119.89897,36.59023],[-119.89898,36.58877],[-119.899,36.58441],[-119.89901,36.58296],[-119.89902,36.5815],[-119.89906,36.57714],[-119.89907,36.57569],[-119.89726,36.57571],[-119.89184,36.57575],[-119.89003,36.57576],[-119.88823,36.57578],[-119.88771,36.57578],[-119.88776,36.57408],[-119.88781,36.57226],[-119.88418,36.57226],[-119.88182,36.57226],[-119.88178,36.57193],[-119.88103,36.5719],[-119.88103,36.57066],[-119.86563,36.57092],[-119.86516,36.57052],[-119.86492,36.57032],[-119.86327,36.56891],[-119.86322,36.56887],[-119.86306,36.56874],[-119.86301,36.56869],[-119.863,36.57014],[-119.86296,36.57449],[-119.86294,36.57572],[-119.86295,36.57594],[-119.86118,36.57596],[-119.85587,36.576],[-119.8541,36.57602],[-119.85226,36.57603],[-119.84675,36.57608],[-119.84492,36.5761],[-119.84477,36.5761],[-119.84311,36.5761],[-119.84121,36.57611],[-119.8377,36.57612],[-119.83589,36.57613],[-119.83589,36.5747],[-119.8359,36.5704],[-119.8359,36.56897],[-119.8341,36.56898],[-119.82868,36.56902],[-119.82688,36.56903],[-119.82329,36.56904],[-119.81749,36.56904],[-119.8125,36.56905],[-119.81222,36.56905],[-119.8089,36.56907],[-119.80889,36.56762],[-119.80887,36.56326],[-119.80886,36.5618],[-119.80842,36.5618],[-119.80711,36.56181],[-119.80668,36.56181],[-119.80532,36.56181],[-119.80125,36.56182],[-119.79989,36.56183],[-119.79993,36.55456],[-119.79809,36.55458],[-119.79097,36.5546],[-119.79031,36.5546],[-119.78831,36.5546],[-119.78765,36.5546],[-119.78729,36.55433],[-119.78708,36.55417],[-119.78692,36.55406],[-119.78663,36.55383],[-119.78659,36.55377],[-119.78655,36.55374],[-119.78653,36.55367],[-119.78653,36.5536],[-119.78656,36.55357],[-119.78654,36.55342],[-119.7865,36.55338],[-119.78646,36.55335],[-119.78628,36.55334],[-119.78628,36.5536],[-119.78627,36.55439],[-119.78627,36.55465],[-119.78624,36.56187],[-119.78605,36.56187],[-119.78586,36.56187],[-119.7859,36.56841],[-119.78591,36.56909],[-119.78592,36.57073],[-119.7859,36.57604],[-119.78591,36.57628],[-119.78588,36.57921],[-119.78587,36.58351],[-119.78586,36.58581],[-119.78583,36.59077],[-119.78584,36.59799],[-119.7858,36.60196],[-119.78584,36.60526],[-119.78582,36.60949],[-119.78583,36.61716],[-119.7858,36.61975],[-119.78584,36.62667],[-119.78585,36.627],[-119.78581,36.63426],[-119.78581,36.63518],[-119.78582,36.63549],[-119.78581,36.63581],[-119.7858,36.63695],[-119.7858,36.6372],[-119.7858,36.63785],[-119.7858,36.63811],[-119.78563,36.63997],[-119.78556,36.64119],[-119.78556,36.64152],[-119.78507,36.64152],[-119.78263,36.64151],[-119.78181,36.64151],[-119.78181,36.64218],[-119.7799,36.64264],[-119.77959,36.64697],[-119.77961,36.64877],[-119.77947,36.64878],[-119.77863,36.64878],[-119.77784,36.64878],[-119.7773,36.64878],[-119.77682,36.64878],[-119.77379,36.64879],[-119.77278,36.64879],[-119.77277,36.65025],[-119.77276,36.65461],[-119.77276,36.65607],[-119.77456,36.65606],[-119.77905,36.65605],[-119.77997,36.65604],[-119.78178,36.65604],[-119.78178,36.65749],[-119.78178,36.65968],[-119.78178,36.66187],[-119.78178,36.66333],[-119.78177,36.66349],[-119.78179,36.66372],[-119.78178,36.66406],[-119.78177,36.66506],[-119.78177,36.66625],[-119.78177,36.66698],[-119.77996,36.66698],[-119.77802,36.66698],[-119.77733,36.66698],[-119.77731,36.66753],[-119.77727,36.6706],[-119.77727,36.67244],[-119.77718,36.67245],[-119.77719,36.67262],[-119.77724,36.67313],[-119.77726,36.67331],[-119.77726,36.67422],[-119.77726,36.67762],[-119.7773,36.67782],[-119.77732,36.6779],[-119.77719,36.6779],[-119.77724,36.68676],[-119.77721,36.68684],[-119.77692,36.68677],[-119.77645,36.68665],[-119.77614,36.68659],[-119.77594,36.68657],[-119.77561,36.68656],[-119.77394,36.68665],[-119.77327,36.68669],[-119.77305,36.68671],[-119.77274,36.68669],[-119.77274,36.68692],[-119.77274,36.68694],[-119.77273,36.68769],[-119.77273,36.68795],[-119.77273,36.68881],[-119.77271,36.6914],[-119.7727,36.69207],[-119.77271,36.69226],[-119.77298,36.69229],[-119.77346,36.69228],[-119.7757,36.69226],[-119.77644,36.69226],[-119.7775,36.69226],[-119.78067,36.69225],[-119.78173,36.69225],[-119.78173,36.69275],[-119.78173,36.69427],[-119.78173,36.69478],[-119.78173,36.69514],[-119.78172,36.69622],[-119.78172,36.69658],[-119.78173,36.69682],[-119.78173,36.69755],[-119.78173,36.6978],[-119.78175,36.69957],[-119.7761,36.69962],[-119.77291,36.69964],[-119.77268,36.69963],[-119.77264,36.70045],[-119.77267,36.70055],[-119.77267,36.70127],[-119.77269,36.70403],[-119.77269,36.70418],[-119.77271,36.70433],[-119.77272,36.70437],[-119.77275,36.70451],[-119.77283,36.70469],[-119.77291,36.70484],[-119.77265,36.7048],[-119.77238,36.70487],[-119.77228,36.7049],[-119.77407,36.70676],[-119.77419,36.70687],[-119.77383,36.70684],[-119.77358,36.70683],[-119.77307,36.70682],[-119.77292,36.70682],[-119.77288,36.70682],[-119.77267,36.70682],[-119.77204,36.70682],[-119.77173,36.70682],[-119.7715,36.70681],[-119.77083,36.7068],[-119.77037,36.7068],[-119.76902,36.70679],[-119.76879,36.70679],[-119.76857,36.70679],[-119.76806,36.70681],[-119.76653,36.70686],[-119.76602,36.70688],[-119.76595,36.70688],[-119.76572,36.70688],[-119.76564,36.70688],[-119.76578,36.70701],[-119.7662,36.7074],[-119.76634,36.70753],[-119.76742,36.70851],[-119.77067,36.71147],[-119.77175,36.71246],[-119.77189,36.71258],[-119.7723,36.71293],[-119.77243,36.71305],[-119.77269,36.71328],[-119.77347,36.71397],[-119.77373,36.7142],[-119.77379,36.7142],[-119.77381,36.71421],[-119.77397,36.7142],[-119.77403,36.7142],[-119.77426,36.71421],[-119.77496,36.71422],[-119.77519,36.71423],[-119.77537,36.71422],[-119.77589,36.7142],[-119.77607,36.7142],[-119.7763,36.71419],[-119.78219,36.71949],[-119.78443,36.72153],[-119.78526,36.72236],[-119.78526,36.72255],[-119.78525,36.72277],[-119.78525,36.7228],[-119.7853,36.72283],[-119.7855,36.72308],[-119.78567,36.7233],[-119.78574,36.72342],[-119.78577,36.72352],[-119.7858,36.72366],[-119.78583,36.72383],[-119.78584,36.72408],[-119.78581,36.72428],[-119.78579,36.72438],[-119.78575,36.72448],[-119.78565,36.72469],[-119.78549,36.725],[-119.78558,36.72508],[-119.78622,36.72566],[-119.7887,36.72789],[-119.78892,36.72808],[-119.78959,36.72866],[-119.78981,36.72885],[-119.79023,36.72924],[-119.7915,36.73041],[-119.79192,36.7308],[-119.79215,36.731],[-119.79282,36.73159],[-119.79305,36.73179],[-119.79322,36.73167],[-119.79373,36.73131],[-119.7939,36.73119],[-119.79412,36.73139],[-119.79478,36.73199],[-119.795,36.73219],[-119.79522,36.73239],[-119.79587,36.73299],[-119.79609,36.73319],[-119.79591,36.7333],[-119.79545,36.7336],[-119.79539,36.73366],[-119.79525,36.73381],[-119.79568,36.73422],[-119.79698,36.73543],[-119.79742,36.73583],[-119.79763,36.73603],[-119.79829,36.73661],[-119.7985,36.73681],[-119.79958,36.73779],[-119.80279,36.74072],[-119.80387,36.7417],[-119.80425,36.74205],[-119.80541,36.7431],[-119.80579,36.74346],[-119.80576,36.74348],[-119.80571,36.74352],[-119.80566,36.74357],[-119.80562,36.7436],[-119.80538,36.7436],[-119.80463,36.7436],[-119.80439,36.7436],[-119.8046,36.74369],[-119.80464,36.74372],[-119.80539,36.74413],[-119.80543,36.74415],[-119.80563,36.74427],[-119.80586,36.74448],[-119.80652,36.74509],[-119.80654,36.7451],[-119.80656,36.74513],[-119.80676,36.74531],[-119.8069,36.74523],[-119.8073,36.74502],[-119.80744,36.74494],[-119.80761,36.7451],[-119.8081,36.74557],[-119.80827,36.74573],[-119.80895,36.74632],[-119.81098,36.74809],[-119.81166,36.74868],[-119.81201,36.74902],[-119.8131,36.75003],[-119.81346,36.75037],[-119.81355,36.75036],[-119.81385,36.75035],[-119.81395,36.75035],[-119.81356,36.75013],[-119.81347,36.75007],[-119.81329,36.74993],[-119.81317,36.7498],[-119.81309,36.74963],[-119.81307,36.74899],[-119.81306,36.74854],[-119.81472,36.74852],[-119.81477,36.74955],[-119.81481,36.74964],[-119.81491,36.74978],[-119.81513,36.75008],[-119.81533,36.75005],[-119.81542,36.75006],[-119.8154,36.74863],[-119.8154,36.74849],[-119.81646,36.74848],[-119.81646,36.74904],[-119.8168,36.74904],[-119.81681,36.74959],[-119.81681,36.74991],[-119.81704,36.74992],[-119.81704,36.74996],[-119.8176,36.74995],[-119.8176,36.7496],[-119.81829,36.7496],[-119.81829,36.74958],[-119.81872,36.74958],[-119.8188,36.74958],[-119.8188,36.74966],[-119.81974,36.74965],[-119.81975,36.74981],[-119.81985,36.74981],[-119.82042,36.74981],[-119.8204,36.74855],[-119.8204,36.74846],[-119.82074,36.74846],[-119.82097,36.74846],[-119.82096,36.74882],[-119.82095,36.7499],[-119.82095,36.75026],[-119.82118,36.75026],[-119.82188,36.75025],[-119.82211,36.75025],[-119.82233,36.75025],[-119.82301,36.75025],[-119.82323,36.75025],[-119.82423,36.75027],[-119.82481,36.75027],[-119.82487,36.75027],[-119.82503,36.75026],[-119.82508,36.75026],[-119.82545,36.75025],[-119.82554,36.75025],[-119.82576,36.75025],[-119.8266,36.75024],[-119.82679,36.75025],[-119.82689,36.75025],[-119.82758,36.75024],[-119.82796,36.75023],[-119.83111,36.75023],[-119.83339,36.75023],[-119.83556,36.75025],[-119.83556,36.74919],[-119.83556,36.74845],[-119.83554,36.7466],[-119.83554,36.74641],[-119.83668,36.74641],[-119.83786,36.7464],[-119.83951,36.7464],[-119.84011,36.74641],[-119.84108,36.74642],[-119.84125,36.74642],[-119.84151,36.74642],[-119.84165,36.74642],[-119.84178,36.74642],[-119.84286,36.74642],[-119.84326,36.74642],[-119.8432,36.75015],[-119.84327,36.75015],[-119.84346,36.75015],[-119.84357,36.75015],[-119.84404,36.75015],[-119.84412,36.75015],[-119.84424,36.75017],[-119.84473,36.75016],[-119.84622,36.75014],[-119.84645,36.75014],[-119.8465,36.75014],[-119.84671,36.75014],[-119.84711,36.75014],[-119.848,36.75014],[-119.85095,36.75011],[-119.85186,36.7501],[-119.85197,36.7501],[-119.85315,36.75009],[-119.85321,36.75009],[-119.85313,36.74913],[-119.85607,36.7491],[-119.85645,36.74928],[-119.85755,36.74924],[-119.85759,36.74908],[-119.86113,36.74905],[-119.86117,36.74999],[-119.86133,36.74998],[-119.8619,36.74997],[-119.86204,36.74999],[-119.86205,36.74964],[-119.86206,36.74892],[-119.86207,36.74856],[-119.86209,36.7482],[-119.86658,36.74826],[-119.86658,36.74877],[-119.8666,36.74882],[-119.86666,36.74888],[-119.86674,36.74892],[-119.86784,36.74893],[-119.86847,36.74893],[-119.86861,36.74896],[-119.8687,36.74904],[-119.86893,36.74947],[-119.8692,36.75],[-119.86958,36.75],[-119.86998,36.75001],[-119.87074,36.75001],[-119.87098,36.75001],[-119.87113,36.75],[-119.87114,36.74995],[-119.87114,36.74926],[-119.87114,36.74904],[-119.87115,36.74865],[-119.87116,36.74832],[-119.8712,36.74705],[-119.87122,36.74631],[-119.87304,36.74629],[-119.8758,36.74627],[-119.87852,36.74626],[-119.88035,36.74625],[-119.88034,36.7464],[-119.88032,36.74701],[-119.88024,36.74929],[-119.88022,36.75003],[-119.88023,36.75004],[-119.88039,36.75005],[-119.88046,36.75005],[-119.88047,36.75004],[-119.8806,36.75001],[-119.88072,36.74998],[-119.8808,36.74996],[-119.88082,36.74994],[-119.8809,36.74991],[-119.88099,36.74986],[-119.88104,36.74983],[-119.88117,36.74976],[-119.88122,36.74972],[-119.88141,36.74961],[-119.88173,36.74933],[-119.88178,36.74925],[-119.88187,36.74916],[-119.88189,36.74913],[-119.8819,36.74909],[-119.88204,36.74892],[-119.88208,36.74888],[-119.88212,36.74883],[-119.88218,36.74878],[-119.88221,36.74873],[-119.88225,36.74867],[-119.88228,36.74864],[-119.88233,36.74859],[-119.88234,36.74855],[-119.88238,36.7485],[-119.88243,36.74845],[-119.88288,36.74787],[-119.88289,36.74784],[-119.88327,36.74737],[-119.88337,36.74723],[-119.88341,36.74718],[-119.88347,36.74713],[-119.8835,36.74708],[-119.88359,36.74698],[-119.88367,36.74689],[-119.88367,36.74685],[-119.88372,36.74679],[-119.88415,36.74625],[-119.88417,36.74623],[-119.88421,36.74619],[-119.88434,36.74602],[-119.8844,36.74596],[-119.88446,36.74588],[-119.88458,36.74573],[-119.88471,36.74559],[-119.88478,36.7455],[-119.88484,36.74544],[-119.88487,36.74539],[-119.88507,36.74521],[-119.88519,36.74512],[-119.88538,36.74502],[-119.88543,36.74501],[-119.88545,36.74499],[-119.88549,36.74498],[-119.88555,36.74495],[-119.88558,36.74493],[-119.88562,36.74492],[-119.88569,36.74489],[-119.88577,36.74484],[-119.88583,36.74483],[-119.88585,36.74481],[-119.88592,36.74478],[-119.88598,36.74475],[-119.88602,36.74474],[-119.88611,36.74469],[-119.88615,36.74466],[-119.88625,36.74462],[-119.88635,36.74457],[-119.8866,36.74444],[-119.88702,36.74422],[-119.88706,36.74421],[-119.88719,36.74414],[-119.88722,36.74412],[-119.88729,36.7441],[-119.88739,36.74406],[-119.88744,36.74402],[-119.88755,36.74398],[-119.88768,36.74395],[-119.88777,36.74392],[-119.88783,36.74389],[-119.88854,36.74365],[-119.88878,36.74359],[-119.88881,36.74359],[-119.88924,36.74354],[-119.88927,36.74353],[-119.88942,36.74351],[-119.88938,36.74415],[-119.88943,36.74402],[-119.88943,36.74397],[-119.88944,36.74387],[-119.88944,36.74381],[-119.88945,36.74375],[-119.88945,36.74369],[-119.88945,36.74363],[-119.88946,36.74357],[-119.88946,36.74351],[-119.88946,36.74344],[-119.88946,36.74338],[-119.88946,36.74331],[-119.88947,36.74324],[-119.88947,36.74317],[-119.88947,36.7431],[-119.88948,36.74303],[-119.88948,36.74295],[-119.88948,36.74288],[-119.88949,36.7428],[-119.88949,36.74273],[-119.88949,36.74266],[-119.8895,36.74251],[-119.88947,36.74245],[-119.88952,36.74122],[-119.88969,36.73715],[-119.8897,36.73689],[-119.88976,36.73545],[-119.89859,36.7354],[-119.89875,36.73539],[-119.90767,36.73536],[-119.90775,36.73536],[-119.91656,36.7353],[-119.91652,36.73675],[-119.91643,36.73987],[-119.91641,36.74108],[-119.91641,36.74112],[-119.91637,36.74257],[-119.91655,36.74257],[-119.91676,36.74257],[-119.91856,36.74258],[-119.91995,36.74257],[-119.92035,36.74256],[-119.93069,36.74251],[-119.93427,36.74249],[-119.93428,36.74103],[-119.93433,36.73666],[-119.93435,36.73521],[-119.93613,36.7352],[-119.94146,36.73518],[-119.94324,36.73517],[-119.94323,36.73662],[-119.94321,36.74098],[-119.9432,36.74244],[-119.94462,36.74243],[-119.94492,36.74242],[-119.9451,36.74242],[-119.94823,36.7424],[-119.94883,36.74239],[-119.94974,36.74239],[-119.95007,36.74239],[-119.95178,36.74236],[-119.95181,36.74236],[-119.95188,36.74232],[-119.95193,36.74234],[-119.95223,36.74236],[-119.95258,36.74236],[-119.95358,36.74235],[-119.95679,36.74231],[-119.95903,36.74229],[-119.96085,36.74227],[-119.96237,36.74225],[-119.96652,36.7422],[-119.96694,36.74219],[-119.96791,36.74217],[-119.96846,36.74216],[-119.96874,36.74208],[-119.96925,36.74193],[-119.96961,36.74182],[-119.9699,36.74175],[-119.97353,36.7407],[-119.97461,36.74039],[-119.98077,36.73863],[-119.98443,36.73758],[-119.98807,36.73654],[-119.98807,36.73657],[-119.98808,36.73661],[-119.9881,36.73673],[-119.98807,36.73678],[-119.98808,36.73694],[-119.98809,36.73765],[-119.98809,36.73771],[-119.98807,36.73816],[-119.9881,36.73834],[-119.98808,36.73839],[-119.98809,36.73856],[-119.9881,36.73957],[-119.98812,36.73968],[-119.98809,36.7398],[-119.98809,36.73992],[-119.98811,36.74004],[-119.9881,36.74015],[-119.98812,36.74123],[-119.98812,36.74137],[-119.9881,36.7414],[-119.98812,36.74157],[-119.98812,36.74241],[-119.99709,36.74235],[-119.99787,36.74235],[-119.99981,36.74236],[-120.00021,36.74236],[-120.00099,36.74236],[-120.00158,36.74236],[-120.00607,36.74235],[-120.00607,36.74222],[-120.00604,36.73924],[-120.00606,36.73652],[-120.00602,36.73544],[-120.006,36.73494],[-120.00601,36.73463],[-120.00607,36.73138],[-120.00608,36.73085],[-120.00608,36.73064],[-120.0061,36.72842],[-120.00611,36.72768],[-120.00613,36.72751],[-120.00615,36.72624],[-120.00621,36.7219],[-120.00623,36.72045],[-120.00623,36.72042],[-120.00627,36.71896],[-120.00639,36.71459],[-120.00644,36.71314],[-120.00647,36.71168],[-120.00655,36.70731],[-120.00658,36.70585],[-120.00644,36.70585],[-120.00602,36.70586],[-120.00589,36.70586],[-120.00559,36.70586],[-120.00471,36.70587],[-120.00442,36.70588],[-120.00448,36.70443],[-120.00466,36.70008],[-120.00472,36.69863],[-120.00478,36.69718],[-120.00497,36.69281],[-120.00503,36.69136],[-120.00678,36.69135],[-120.00694,36.69135],[-120.01566,36.69135],[-120.0248,36.69136],[-120.02479,36.69082],[-120.02479,36.68921],[-120.02479,36.68868],[-120.02478,36.68832],[-120.02478,36.68726],[-120.02478,36.6869],[-120.02478,36.68666],[-120.02477,36.68593],[-120.02477,36.68569],[-120.02477,36.68536],[-120.02477,36.68439],[-120.02476,36.68406],[-120.02475,36.68318],[-120.02471,36.68053],[-120.02471,36.68018],[-120.0247,36.67965],[-120.0247,36.67907],[-120.02469,36.67732],[-120.02469,36.67687],[-120.02469,36.67674],[-120.02444,36.67674],[-120.02372,36.67675],[-120.02348,36.67675],[-120.0233,36.67675],[-120.02279,36.67676],[-120.02261,36.67676],[-120.02236,36.67676],[-120.02162,36.67677],[-120.02137,36.67677],[-120.02031,36.67678],[-120.01712,36.67681],[-120.01634,36.67681],[-120.01605,36.67681],[-120.016,36.67681],[-120.01585,36.67681],[-120.0158,36.67681],[-120.01397,36.67682],[-120.01108,36.67683],[-120.00846,36.67684],[-120.00662,36.67684],[-120.00662,36.67668],[-120.00662,36.6762],[-120.00662,36.67604],[-120.00662,36.67473],[-120.00662,36.67436],[-120.00661,36.67289],[-120.00661,36.67164],[-120.00661,36.67079],[-120.00661,36.67069],[-120.00661,36.66948],[-120.00662,36.66803],[-120.00662,36.66719],[-120.0066,36.66604],[-120.0066,36.66476],[-120.00662,36.66365],[-120.00662,36.66359],[-120.00662,36.66219],[-120.0102,36.66218],[-120.02093,36.66215],[-120.02451,36.66215],[-120.02458,36.66214],[-120.02478,36.66213],[-120.02485,36.66213],[-120.02484,36.66191],[-120.02486,36.66185],[-120.0249,36.66076],[-120.0249,36.66057],[-120.02492,36.6605],[-120.02492,36.66036],[-120.02496,36.66018],[-120.02495,36.66016],[-120.02492,36.66013],[-120.02498,36.65921],[-120.02498,36.65918],[-120.02498,36.65914],[-120.02495,36.65895],[-120.02497,36.65892],[-120.025,36.65878],[-120.02499,36.65876],[-120.02496,36.65874],[-120.025,36.65856],[-120.02501,36.65853],[-120.02505,36.6573],[-120.02505,36.65709],[-120.02508,36.6569],[-120.0251,36.65688],[-120.0251,36.65618],[-120.02512,36.65577],[-120.02514,36.65574],[-120.02514,36.6557],[-120.02514,36.6556],[-120.02511,36.6555],[-120.02512,36.65538],[-120.02516,36.65409],[-120.02517,36.65397],[-120.02517,36.65371],[-120.02519,36.65265],[-120.02517,36.65248],[-120.02521,36.65244],[-120.02522,36.65229],[-120.0252,36.65226],[-120.02521,36.65213],[-120.02523,36.6521],[-120.02525,36.6515],[-120.02525,36.65118],[-120.02527,36.65083],[-120.02527,36.65074],[-120.0253,36.65057],[-120.02528,36.65055],[-120.02528,36.65046],[-120.0253,36.64936],[-120.02529,36.64931],[-120.0253,36.64915],[-120.02528,36.649],[-120.0253,36.64896],[-120.02532,36.6479],[-120.02531,36.64773],[-120.02532,36.64756],[-120.02532,36.64753],[-120.0253,36.64739],[-120.02532,36.64736],[-120.02531,36.64646],[-120.02532,36.64614],[-120.0253,36.64606],[-120.0253,36.64593],[-120.02533,36.64589],[-120.02531,36.64574],[-120.02532,36.64537],[-120.02533,36.64504],[-120.02533,36.6447],[-120.02531,36.64417],[-120.02534,36.64415],[-120.02535,36.64311],[-120.02533,36.64295],[-120.02536,36.64288],[-120.02535,36.64273],[-120.02533,36.6427],[-120.02535,36.64252],[-120.02537,36.6415],[-120.02536,36.64134],[-120.02538,36.64117],[-120.02536,36.64102],[-120.02538,36.64097],[-120.02539,36.64047],[-120.02541,36.63977],[-120.0254,36.6397],[-120.0254,36.63959],[-120.02543,36.63947],[-120.02542,36.63942],[-120.02541,36.63938],[-120.02542,36.63888],[-120.02544,36.63836],[-120.02541,36.63804],[-120.02541,36.63797],[-120.02543,36.63794],[-120.02541,36.63784],[-120.02545,36.63671],[-120.02544,36.63445],[-120.02543,36.62768],[-120.02542,36.62543],[-120.02543,36.62535],[-120.02544,36.62512],[-120.02545,36.62504],[-120.02546,36.62491],[-120.02548,36.62373],[-120.02558,36.61981],[-120.02561,36.6185],[-120.02562,36.61842],[-120.02567,36.6182],[-120.02569,36.61812],[-120.02577,36.61812],[-120.026,36.61812],[-120.02608,36.61812],[-120.02776,36.61813],[-120.03282,36.61818],[-120.0345,36.61819],[-120.03452,36.61682],[-120.03458,36.61269],[-120.03459,36.61132],[-120.03459,36.61124],[-120.03458,36.611],[-120.03458,36.61092],[-120.03632,36.60951],[-120.03942,36.60699],[-120.04155,36.60526],[-120.04329,36.60385],[-120.04512,36.60237],[-120.05061,36.59794],[-120.05116,36.59749],[-120.05243,36.59645],[-120.05301,36.59597],[-120.05304,36.59595],[-120.05477,36.59454]]]},"properties":{"ZCTA5":"93706"}}]}